DATETIME,PRICE
1981-09-25,734.5
1981-09-28,735.5
1981-09-29,740.5
1981-09-30,742.5
1981-10-01,741.75
1981-10-02,743.25
1981-10-05,747.75
1981-10-06,745.75
1981-10-07,744.25
1981-10-08,743.25
1981-10-09,745.5
1981-10-12,747.75
1981-10-13,751.5
1981-10-14,752.75
1981-10-15,748.0
1981-10-16,746.0
1981-10-19,747.0
1981-10-20,744.5
1981-10-21,745.25
1981-10-22,743.0
1981-10-23,746.0
1981-10-26,745.25
1981-10-27,746.5
1981-10-28,748.25
1981-10-29,746.5
1981-10-30,746.25
1981-11-02,747.0
1981-11-03,744.75
1981-11-04,742.75
1981-11-05,742.5
1981-11-06,740.25
1981-11-09,739.25
1981-11-10,735.0
1981-11-11,734.75
1981-11-12,737.5
1981-11-13,735.75
1981-11-16,734.0
1981-11-17,731.0
1981-11-18,729.5
1981-11-19,731.0
1981-11-20,731.0
1981-11-23,726.0
1981-11-24,720.0
1981-11-25,718.5
1981-11-26,
1981-11-27,716.5
1981-11-30,714.0
1981-12-01,717.0
1981-12-02,716.25
1981-12-03,715.5
1981-12-04,717.0
1981-12-07,710.5
1981-12-08,707.25
1981-12-09,703.0
1981-12-10,696.0
1981-12-11,699.25
1981-12-14,693.75
1981-12-15,688.5
1981-12-16,694.25
1981-12-17,698.5
1981-12-18,695.5
1981-12-21,693.25
1981-12-22,694.0
1981-12-23,691.75
1981-12-24,696.5
1981-12-25,
1981-12-28,705.25
1981-12-29,701.5
1981-12-30,702.0
1981-12-31,703.0
1982-01-01,
1982-01-04,704.75
1982-01-05,702.5
1982-01-06,706.0
1982-01-07,706.0
1982-01-08,702.5
1982-01-11,700.25
1982-01-12,699.25
1982-01-13,699.25
1982-01-14,699.0
1982-01-15,698.0
1982-01-18,700.25
1982-01-19,697.25
1982-01-20,698.25
1982-01-21,701.5
1982-01-22,702.5
1982-01-25,699.75
1982-01-26,701.75
1982-01-27,707.25
1982-01-28,705.25
1982-01-29,709.0
1982-02-01,715.0
1982-02-02,714.5
1982-02-03,714.5
1982-02-04,715.0
1982-02-05,712.5
1982-02-08,709.0
1982-02-09,707.75
1982-02-10,711.0
1982-02-11,710.5
1982-02-12,709.25
1982-02-15,
1982-02-16,708.75
1982-02-17,709.25
1982-02-18,708.25
1982-02-19,702.0
1982-02-22,701.75
1982-02-23,700.0
1982-02-24,700.5
1982-02-25,700.5
1982-02-26,702.0
1982-03-01,702.75
1982-03-02,704.5
1982-03-03,702.0
1982-03-04,699.0
1982-03-05,695.25
1982-03-08,690.25
1982-03-09,691.5
1982-03-10,693.5
1982-03-11,693.5
1982-03-12,688.75
1982-03-15,692.75
1982-03-16,690.75
1982-03-17,693.5
1982-03-18,695.75
1982-03-19,697.0
1982-03-22,698.25
1982-03-23,697.0
1982-03-24,698.0
1982-03-25,697.25
1982-03-26,698.25
1982-03-29,701.25
1982-03-30,701.5
1982-03-31,702.25
1982-04-01,701.25
1982-04-02,704.5
1982-04-05,708.0
1982-04-06,707.75
1982-04-07,705.0
1982-04-08,706.5
1982-04-09,
1982-04-12,706.0
1982-04-13,706.25
1982-04-14,705.0
1982-04-15,705.0
1982-04-16,705.0
1982-04-19,705.0
1982-04-20,706.75
1982-04-21,705.0
1982-04-22,703.0
1982-04-23,704.75
1982-04-26,704.5
1982-04-27,703.5
1982-04-28,703.25
1982-04-29,703.0
1982-04-30,700.75
1982-05-03,696.25
1982-05-04,694.75
1982-05-05,693.25
1982-05-06,693.0
1982-05-07,694.25
1982-05-10,691.25
1982-05-11,691.5
1982-05-12,692.0
1982-05-13,690.75
1982-05-14,693.25
1982-05-17,692.75
1982-05-18,692.25
1982-05-19,693.25
1982-05-20,694.25
1982-05-21,693.75
1982-05-24,692.5
1982-05-25,688.5
1982-05-26,689.5
1982-05-27,688.25
1982-05-28,689.0
1982-05-31,
1982-06-01,685.5
1982-06-02,686.25
1982-06-03,684.25
1982-06-04,682.25
1982-06-07,685.5
1982-06-08,685.25
1982-06-09,686.5
1982-06-10,687.25
1982-06-11,691.0
1982-06-14,687.0
1982-06-15,684.25
1982-06-16,682.0
1982-06-17,678.5
1982-06-18,678.75
1982-06-21,679.75
1982-06-22,681.5
1982-06-23,680.75
1982-06-24,682.0
1982-06-25,681.5
1982-06-28,678.5
1982-06-29,678.75
1982-06-30,676.25
1982-07-01,677.0
1982-07-02,675.25
1982-07-05,
1982-07-06,671.5
1982-07-07,669.0
1982-07-08,671.25
1982-07-09,672.75
1982-07-12,672.0
1982-07-13,673.25
1982-07-14,673.25
1982-07-15,672.25
1982-07-16,671.0
1982-07-19,668.25
1982-07-20,667.75
1982-07-21,668.75
1982-07-22,666.5
1982-07-23,665.0
1982-07-26,662.25
1982-07-27,662.25
1982-07-28,659.25
1982-07-29,661.25
1982-07-30,659.0
1982-08-02,661.0
1982-08-03,661.75
1982-08-04,663.0
1982-08-05,659.0
1982-08-06,654.25
1982-08-09,653.25
1982-08-10,652.25
1982-08-11,651.0
1982-08-12,641.0
1982-08-13,643.0
1982-08-16,636.0
1982-08-17,634.5
1982-08-18,639.0
1982-08-19,635.25
1982-08-20,635.75
1982-08-23,638.75
1982-08-24,642.0
1982-08-25,645.5
1982-08-26,640.0
1982-08-27,636.25
1982-08-30,634.5
1982-08-31,637.25
1982-09-01,637.25
1982-09-02,639.5
1982-09-03,638.0
1982-09-06,
1982-09-07,631.75
1982-09-08,630.25
1982-09-09,629.25
1982-09-10,627.0
1982-09-13,632.5
1982-09-14,634.25
1982-09-15,633.5
1982-09-16,632.0
1982-09-17,629.0
1982-09-20,704.5
1982-09-21,704.0
1982-09-22,702.25
1982-09-23,706.75
1982-09-24,714.25
1982-09-27,713.25
1982-09-28,710.25
1982-09-29,708.75
1982-09-30,706.75
1982-10-01,706.75
1982-10-04,705.0
1982-10-05,705.75
1982-10-06,706.0
1982-10-07,708.75
1982-10-08,706.5
1982-10-11,708.0
1982-10-12,706.0
1982-10-13,710.0
1982-10-14,707.0
1982-10-15,705.5
1982-10-18,705.0
1982-10-19,705.75
1982-10-20,707.0
1982-10-21,704.75
1982-10-22,700.5
1982-10-25,695.75
1982-10-26,696.0
1982-10-27,695.25
1982-10-28,695.75
1982-10-29,693.75
1982-11-01,692.5
1982-11-02,
1982-11-03,693.5
1982-11-04,696.5
1982-11-05,701.75
1982-11-08,702.75
1982-11-09,701.75
1982-11-10,702.75
1982-11-11,706.0
1982-11-12,704.25
1982-11-15,703.0
1982-11-16,705.0
1982-11-17,706.5
1982-11-18,708.25
1982-11-19,710.0
1982-11-22,709.75
1982-11-23,710.0
1982-11-24,710.5
1982-11-25,
1982-11-26,710.25
1982-11-29,706.0
1982-11-30,705.75
1982-12-01,704.25
1982-12-02,702.75
1982-12-03,702.0
1982-12-06,705.25
1982-12-07,708.75
1982-12-08,708.75
1982-12-09,712.5
1982-12-10,711.25
1982-12-13,712.75
1982-12-14,709.75
1982-12-15,709.5
1982-12-16,708.25
1982-12-17,708.75
1982-12-20,708.75
1982-12-21,708.5
1982-12-22,707.75
1982-12-23,709.0
1982-12-24,
1982-12-27,711.25
1982-12-28,714.25
1982-12-29,713.5
1982-12-30,713.0
1982-12-31,
1983-01-03,714.0
1983-01-04,713.0
1983-01-05,715.0
1983-01-06,715.75
1983-01-07,717.0
1983-01-10,718.75
1983-01-11,717.25
1983-01-12,723.0
1983-01-13,721.75
1983-01-14,724.0
1983-01-17,724.25
1983-01-18,724.0
1983-01-19,722.0
1983-01-20,721.5
1983-01-21,722.5
1983-01-24,723.75
1983-01-25,724.25
1983-01-26,727.0
1983-01-27,728.75
1983-01-28,726.0
1983-01-31,728.0
1983-02-01,727.5
1983-02-02,726.5
1983-02-03,726.0
1983-02-04,724.75
1983-02-07,723.0
1983-02-08,723.5
1983-02-09,726.25
1983-02-10,729.25
1983-02-11,729.75
1983-02-14,733.25
1983-02-15,731.5
1983-02-16,729.25
1983-02-17,732.75
1983-02-18,733.25
1983-02-21,
1983-02-22,727.75
1983-02-23,727.5
1983-02-24,729.25
1983-02-25,726.5
1983-02-28,721.0
1983-03-01,724.25
1983-03-02,728.0
1983-03-03,728.75
1983-03-04,728.0
1983-03-07,727.75
1983-03-08,725.5
1983-03-09,728.75
1983-03-10,728.0
1983-03-11,729.5
1983-03-14,731.75
1983-03-15,731.25
1983-03-16,736.75
1983-03-17,738.0
1983-03-18,737.75
1983-03-21,739.0
1983-03-22,740.25
1983-03-23,747.75
1983-03-24,746.75
1983-03-25,745.25
1983-03-28,747.0
1983-03-29,744.75
1983-03-30,741.75
1983-03-31,742.0
1983-04-01,
1983-04-04,743.0
1983-04-05,743.75
1983-04-06,742.5
1983-04-07,743.75
1983-04-08,747.25
1983-04-11,744.0
1983-04-12,743.5
1983-04-13,746.75
1983-04-14,742.5
1983-04-15,738.75
1983-04-18,741.25
1983-04-19,742.5
1983-04-20,741.0
1983-04-21,738.5
1983-04-22,743.25
1983-04-25,741.0
1983-04-26,743.0
1983-04-27,739.5
1983-04-28,738.5
1983-04-29,741.5
1983-05-02,742.75
1983-05-03,741.0
1983-05-04,741.5
1983-05-05,743.0
1983-05-06,743.5
1983-05-09,741.75
1983-05-10,743.0
1983-05-11,733.0
1983-05-12,727.5
1983-05-13,727.75
1983-05-16,728.5
1983-05-17,730.25
1983-05-18,729.25
1983-05-19,727.0
1983-05-20,720.5
1983-05-23,723.25
1983-05-24,724.25
1983-05-25,721.75
1983-05-26,721.75
1983-05-27,721.0
1983-05-30,
1983-05-31,721.25
1983-06-01,717.0
1983-06-02,720.5
1983-06-03,721.25
1983-06-06,719.75
1983-06-07,719.0
1983-06-08,717.25
1983-06-09,718.0
1983-06-10,716.75
1983-06-13,716.25
1983-06-14,714.25
1983-06-15,713.5
1983-06-16,715.25
1983-06-17,713.0
1983-06-20,712.75
1983-06-21,719.0
1983-06-22,722.25
1983-06-23,727.25
1983-06-24,726.0
1983-06-27,719.5
1983-06-28,717.75
1983-06-29,717.75
1983-06-30,714.75
1983-07-01,714.25
1983-07-04,
1983-07-05,713.0
1983-07-06,719.75
1983-07-07,718.75
1983-07-08,718.0
1983-07-11,728.0
1983-07-12,733.25
1983-07-13,732.25
1983-07-14,729.5
1983-07-15,736.0
1983-07-18,740.75
1983-07-19,750.0
1983-07-20,760.0
1983-07-21,762.0
1983-07-22,770.0
1983-07-25,766.25
1983-07-26,758.5
1983-07-27,760.5
1983-07-28,768.0
1983-07-29,765.25
1983-08-01,775.25
1983-08-02,778.25
1983-08-03,786.0
1983-08-04,783.0
1983-08-05,790.5
1983-08-08,788.0
1983-08-09,785.5
1983-08-10,795.5
1983-08-11,796.0
1983-08-12,796.0
1983-08-15,806.0
1983-08-16,803.0
1983-08-17,798.0
1983-08-18,790.0
1983-08-19,795.0
1983-08-22,805.0
1983-08-23,810.5
1983-08-24,806.0
1983-08-25,801.75
1983-08-26,807.0
1983-08-29,801.5
1983-08-30,791.5
1983-08-31,799.0
1983-09-01,793.25
1983-09-02,798.75
1983-09-05,
1983-09-06,804.25
1983-09-07,802.75
1983-09-08,804.25
1983-09-09,807.25
1983-09-12,804.75
1983-09-13,799.75
1983-09-14,796.25
1983-09-15,787.75
1983-09-16,791.75
1983-09-19,
1983-09-20,762.0
1983-09-21,769.75
1983-09-22,764.25
1983-09-23,760.5
1983-09-26,753.25
1983-09-27,754.25
1983-09-28,750.75
1983-09-29,750.0
1983-09-30,750.5
1983-10-03,748.5
1983-10-04,744.25
1983-10-05,746.75
1983-10-06,748.25
1983-10-07,744.75
1983-10-10,744.25
1983-10-11,743.5
1983-10-12,740.75
1983-10-13,744.25
1983-10-14,738.75
1983-10-17,737.0
1983-10-18,738.5
1983-10-19,736.75
1983-10-20,735.25
1983-10-21,736.5
1983-10-24,734.0
1983-10-25,736.75
1983-10-26,729.25
1983-10-27,730.0
1983-10-28,729.5
1983-10-31,729.75
1983-11-01,730.75
1983-11-02,735.0
1983-11-03,735.5
1983-11-04,738.0
1983-11-07,741.75
1983-11-08,745.0
1983-11-09,742.25
1983-11-10,741.75
1983-11-11,737.25
1983-11-14,735.25
1983-11-15,738.75
1983-11-16,734.25
1983-11-17,735.25
1983-11-18,732.75
1983-11-21,730.5
1983-11-22,729.25
1983-11-23,732.75
1983-11-24,
1983-11-25,734.5
1983-11-28,734.75
1983-11-29,734.0
1983-11-30,731.75
1983-12-01,733.25
1983-12-02,731.75
1983-12-05,728.0
1983-12-06,726.5
1983-12-07,728.5
1983-12-08,728.25
1983-12-09,730.75
1983-12-12,731.75
1983-12-13,731.25
1983-12-14,732.25
1983-12-15,733.5
1983-12-16,732.25
1983-12-19,736.0
1983-12-20,736.0
1983-12-21,735.0
1983-12-22,735.5
1983-12-23,737.75
1983-12-26,
1983-12-27,738.5
1983-12-28,737.25
1983-12-29,737.0
1983-12-30,737.5
1984-01-02,
1984-01-03,734.0
1984-01-04,733.75
1984-01-05,734.5
1984-01-06,737.25
1984-01-09,734.5
1984-01-10,736.25
1984-01-11,737.0
1984-01-12,736.75
1984-01-13,735.25
1984-01-16,727.75
1984-01-17,731.25
1984-01-18,731.5
1984-01-19,731.0
1984-01-20,730.25
1984-01-23,731.25
1984-01-24,736.25
1984-01-25,733.0
1984-01-26,732.0
1984-01-27,731.5
1984-01-30,730.75
1984-01-31,728.0
1984-02-01,729.25
1984-02-02,730.25
1984-02-03,730.25
1984-02-06,732.25
1984-02-07,732.75
1984-02-08,730.75
1984-02-09,730.5
1984-02-10,729.75
1984-02-13,729.75
1984-02-14,728.25
1984-02-15,728.5
1984-02-16,728.5
1984-02-17,724.5
1984-02-20,
1984-02-21,725.25
1984-02-22,727.5
1984-02-23,724.75
1984-02-24,725.25
1984-02-27,726.25
1984-02-28,725.25
1984-02-29,729.0
1984-03-01,729.25
1984-03-02,732.0
1984-03-05,733.25
1984-03-06,732.75
1984-03-07,731.75
1984-03-08,732.75
1984-03-09,734.75
1984-03-12,736.25
1984-03-13,736.0
1984-03-14,737.5
1984-03-15,736.0
1984-03-16,735.25
1984-03-19,736.0
1984-03-20,737.0
1984-03-21,738.25
1984-03-22,739.75
1984-03-23,740.25
1984-03-26,742.25
1984-03-27,742.5
1984-03-28,741.5
1984-03-29,739.25
1984-03-30,740.75
1984-04-02,744.75
1984-04-03,747.25
1984-04-04,748.0
1984-04-05,744.25
1984-04-06,742.75
1984-04-09,745.25
1984-04-10,744.0
1984-04-11,742.0
1984-04-12,742.0
1984-04-13,742.5
1984-04-16,740.25
1984-04-17,741.25
1984-04-18,744.25
1984-04-19,747.5
1984-04-20,
1984-04-23,752.25
1984-04-24,745.5
1984-04-25,745.25
1984-04-26,741.75
1984-04-27,743.75
1984-04-30,744.5
1984-05-01,746.25
1984-05-02,748.25
1984-05-03,745.5
1984-05-04,747.5
1984-05-07,745.75
1984-05-08,745.0
1984-05-09,741.5
1984-05-10,739.25
1984-05-11,736.5
1984-05-14,735.0
1984-05-15,737.0
1984-05-16,741.25
1984-05-17,739.75
1984-05-18,740.75
1984-05-21,746.75
1984-05-22,746.0
1984-05-23,746.0
1984-05-24,749.25
1984-05-25,750.0
1984-05-28,
1984-05-29,748.5
1984-05-30,747.5
1984-05-31,745.5
1984-06-01,745.25
1984-06-04,743.5
1984-06-05,741.75
1984-06-06,739.5
1984-06-07,741.0
1984-06-08,738.75
1984-06-11,741.0
1984-06-12,741.5
1984-06-13,746.5
1984-06-14,745.0
1984-06-15,746.25
1984-06-18,750.25
1984-06-19,756.0
1984-06-20,754.5
1984-06-21,752.75
1984-06-22,752.0
1984-06-25,748.25
1984-06-26,744.5
1984-06-27,744.5
1984-06-28,745.75
1984-06-29,755.25
1984-07-02,754.25
1984-07-03,746.25
1984-07-04,
1984-07-05,736.5
1984-07-06,738.0
1984-07-09,743.25
1984-07-10,736.75
1984-07-11,732.0
1984-07-12,734.5
1984-07-13,731.0
1984-07-16,729.75
1984-07-17,730.75
1984-07-18,732.0
1984-07-19,733.0
1984-07-20,729.25
1984-07-23,727.75
1984-07-24,723.75
1984-07-25,719.0
1984-07-26,720.0
1984-07-27,718.75
1984-07-30,720.75
1984-07-31,724.0
1984-08-01,723.5
1984-08-02,728.25
1984-08-03,728.5
1984-08-06,727.25
1984-08-07,723.25
1984-08-08,722.5
1984-08-09,726.25
1984-08-10,725.5
1984-08-13,726.0
1984-08-14,729.75
1984-08-15,728.75
1984-08-16,729.5
1984-08-17,725.0
1984-08-20,718.75
1984-08-21,720.5
1984-08-22,726.5
1984-08-23,725.0
1984-08-24,727.25
1984-08-27,731.75
1984-08-28,729.5
1984-08-29,724.75
1984-08-30,726.75
1984-08-31,726.0
1984-09-03,
1984-09-04,726.75
1984-09-05,730.0
1984-09-06,729.75
1984-09-07,729.25
1984-09-10,734.25
1984-09-11,734.25
1984-09-12,733.5
1984-09-13,729.75
1984-09-14,731.75
1984-09-17,726.5
1984-09-18,714.5
1984-09-19,716.25
1984-09-20,715.25
1984-09-21,712.75
1984-09-24,708.75
1984-09-25,710.25
1984-09-26,708.75
1984-09-27,709.75
1984-09-28,709.0
1984-10-01,710.5
1984-10-02,711.75
1984-10-03,710.75
1984-10-04,712.0
1984-10-05,713.25
1984-10-08,713.25
1984-10-09,714.0
1984-10-10,716.0
1984-10-11,717.25
1984-10-12,721.25
1984-10-15,720.25
1984-10-16,720.5
1984-10-17,720.5
1984-10-18,720.25
1984-10-19,721.75
1984-10-22,719.25
1984-10-23,720.0
1984-10-24,720.25
1984-10-25,718.25
1984-10-26,718.25
1984-10-29,717.5
1984-10-30,717.5
1984-10-31,717.5
1984-11-01,720.25
1984-11-02,720.0
1984-11-05,720.0
1984-11-06,720.75
1984-11-07,722.5
1984-11-08,720.5
1984-11-09,720.5
1984-11-12,721.25
1984-11-13,720.5
1984-11-14,721.5
1984-11-15,721.5
1984-11-16,722.0
1984-11-19,721.0
1984-11-20,720.5
1984-11-21,720.75
1984-11-22,
1984-11-23,720.25
1984-11-26,718.75
1984-11-27,717.0
1984-11-28,719.0
1984-11-29,719.0
1984-11-30,717.5
1984-12-03,717.75
1984-12-04,718.0
1984-12-05,715.0
1984-12-06,714.0
1984-12-07,709.25
1984-12-10,710.0
1984-12-11,711.0
1984-12-12,708.25
1984-12-13,707.75
1984-12-14,708.25
1984-12-17,709.25
1984-12-18,707.25
1984-12-19,707.5
1984-12-20,707.25
1984-12-21,707.0
1984-12-24,706.25
1984-12-25,
1984-12-26,706.75
1984-12-27,705.75
1984-12-28,706.75
1984-12-31,708.0
1985-01-01,
1985-01-02,708.0
1985-01-03,706.25
1985-01-04,704.25
1985-01-07,703.25
1985-01-08,701.0
1985-01-09,701.0
1985-01-10,701.5
1985-01-11,702.25
1985-01-14,702.25
1985-01-15,703.5
1985-01-16,703.75
1985-01-17,702.75
1985-01-18,704.25
1985-01-21,705.25
1985-01-22,703.25
1985-01-23,702.5
1985-01-24,701.75
1985-01-25,701.75
1985-01-28,700.5
1985-01-29,700.25
1985-01-30,700.5
1985-01-31,700.5
1985-02-01,700.25
1985-02-04,701.25
1985-02-05,703.75
1985-02-06,703.5
1985-02-07,704.25
1985-02-08,704.75
1985-02-11,703.25
1985-02-12,703.0
1985-02-13,702.5
1985-02-14,702.5
1985-02-15,702.75
1985-02-18,
1985-02-19,700.5
1985-02-20,699.0
1985-02-21,698.25
1985-02-22,698.5
1985-02-25,697.25
1985-02-26,698.25
1985-02-27,699.25
1985-02-28,697.75
1985-03-01,697.0
1985-03-04,696.25
1985-03-05,697.0
1985-03-06,696.0
1985-03-07,695.5
1985-03-08,697.0
1985-03-11,697.0
1985-03-12,696.5
1985-03-13,696.75
1985-03-14,696.25
1985-03-15,696.75
1985-03-18,697.0
1985-03-19,701.0
1985-03-20,698.5
1985-03-21,698.5
1985-03-22,699.25
1985-03-25,698.0
1985-03-26,698.75
1985-03-27,699.75
1985-03-28,700.0
1985-03-29,702.5
1985-04-01,704.0
1985-04-02,703.5
1985-04-03,703.0
1985-04-04,703.0
1985-04-05,
1985-04-08,704.0
1985-04-09,702.75
1985-04-10,702.75
1985-04-11,701.75
1985-04-12,700.5
1985-04-15,700.25
1985-04-16,699.0
1985-04-17,697.75
1985-04-18,699.5
1985-04-19,700.0
1985-04-22,701.25
1985-04-23,700.25
1985-04-24,702.0
1985-04-25,701.0
1985-04-26,699.5
1985-04-29,700.25
1985-04-30,699.0
1985-05-01,698.75
1985-05-02,696.75
1985-05-03,696.75
1985-05-06,697.75
1985-05-07,698.25
1985-05-08,698.75
1985-05-09,700.25
1985-05-10,700.75
1985-05-13,698.75
1985-05-14,698.75
1985-05-15,696.75
1985-05-16,695.75
1985-05-17,693.75
1985-05-20,692.75
1985-05-21,691.5
1985-05-22,691.75
1985-05-23,693.5
1985-05-24,693.0
1985-05-27,
1985-05-28,688.0
1985-05-29,686.75
1985-05-30,688.75
1985-05-31,689.0
1985-06-03,687.5
1985-06-04,686.75
1985-06-05,690.0
1985-06-06,692.5
1985-06-07,694.5
1985-06-10,693.0
1985-06-11,692.5
1985-06-12,693.5
1985-06-13,692.5
1985-06-14,689.25
1985-06-17,686.25
1985-06-18,687.25
1985-06-19,687.5
1985-06-20,685.75
1985-06-21,688.0
1985-06-24,689.25
1985-06-25,688.25
1985-06-26,686.5
1985-06-27,686.5
1985-06-28,686.25
1985-07-01,682.5
1985-07-02,682.5
1985-07-03,681.25
1985-07-04,
1985-07-05,685.75
1985-07-08,684.0
1985-07-09,681.0
1985-07-10,681.0
1985-07-11,681.0
1985-07-12,684.5
1985-07-15,679.5
1985-07-16,676.5
1985-07-17,676.0
1985-07-18,674.0
1985-07-19,670.75
1985-07-22,670.0
1985-07-23,669.0
1985-07-24,667.0
1985-07-25,668.0
1985-07-26,668.75
1985-07-29,666.5
1985-07-30,663.5
1985-07-31,662.5
1985-08-01,662.75
1985-08-02,660.75
1985-08-05,660.0
1985-08-06,658.75
1985-08-07,660.0
1985-08-08,657.5
1985-08-09,657.5
1985-08-12,658.25
1985-08-13,656.0
1985-08-14,659.5
1985-08-15,662.25
1985-08-16,660.0
1985-08-19,658.5
1985-08-20,656.75
1985-08-21,657.75
1985-08-22,659.75
1985-08-23,658.75
1985-08-26,655.25
1985-08-27,653.5
1985-08-28,652.0
1985-08-29,652.5
1985-08-30,653.5
1985-09-02,
1985-09-03,651.0
1985-09-04,651.75
1985-09-05,655.75
1985-09-06,651.5
1985-09-09,650.0
1985-09-10,651.0
1985-09-11,652.5
1985-09-12,653.5
1985-09-13,651.5
1985-09-16,656.75
1985-09-17,657.0
1985-09-18,640.0
1985-09-19,640.75
1985-09-20,638.75
1985-09-23,643.0
1985-09-24,646.75
1985-09-25,645.75
1985-09-26,644.0
1985-09-27,642.25
1985-09-30,645.0
1985-10-01,644.75
1985-10-02,646.25
1985-10-03,644.25
1985-10-04,643.5
1985-10-07,642.5
1985-10-08,642.0
1985-10-09,642.0
1985-10-10,642.75
1985-10-11,641.25
1985-10-14,642.0
1985-10-15,641.5
1985-10-16,641.75
1985-10-17,642.0
1985-10-18,642.0
1985-10-21,640.75
1985-10-22,641.25
1985-10-23,638.75
1985-10-24,636.75
1985-10-25,636.75
1985-10-28,637.0
1985-10-29,639.25
1985-10-30,639.5
1985-10-31,643.0
1985-11-01,642.5
1985-11-04,641.5
1985-11-05,644.25
1985-11-06,642.75
1985-11-07,641.5
1985-11-08,642.0
1985-11-11,640.75
1985-11-12,640.75
1985-11-13,640.25
1985-11-14,641.0
1985-11-15,639.0
1985-11-18,638.0
1985-11-19,638.5
1985-11-20,639.5
1985-11-21,638.0
1985-11-22,639.75
1985-11-25,639.0
1985-11-26,640.5
1985-11-27,640.75
1985-11-28,
1985-11-29,640.25
1985-12-02,640.25
1985-12-03,642.0
1985-12-04,642.75
1985-12-05,643.0
1985-12-06,642.0
1985-12-09,642.25
1985-12-10,641.75
1985-12-11,642.5
1985-12-12,642.25
1985-12-13,640.5
1985-12-16,639.5
1985-12-17,642.75
1985-12-18,640.5
1985-12-19,641.25
1985-12-20,642.75
1985-12-23,640.5
1985-12-24,640.25
1985-12-25,
1985-12-26,640.75
1985-12-27,641.5
1985-12-30,641.5
1985-12-31,641.25
1986-01-01,
1986-01-02,639.25
1986-01-03,636.25
1986-01-06,636.25
1986-01-07,638.25
1986-01-08,638.0
1986-01-09,638.5
1986-01-10,637.75
1986-01-13,636.25
1986-01-14,631.75
1986-01-15,633.75
1986-01-16,633.5
1986-01-17,632.75
1986-01-20,631.75
1986-01-21,634.25
1986-01-22,633.5
1986-01-23,634.0
1986-01-24,633.0
1986-01-27,633.5
1986-01-28,631.25
1986-01-29,630.0
1986-01-30,629.25
1986-01-31,628.75
1986-02-03,628.75
1986-02-04,628.25
1986-02-05,627.75
1986-02-06,627.5
1986-02-07,627.0
1986-02-10,629.25
1986-02-11,626.75
1986-02-12,625.75
1986-02-13,621.75
1986-02-14,619.75
1986-02-17,
1986-02-18,620.75
1986-02-19,620.5
1986-02-20,619.5
1986-02-21,620.75
1986-02-24,622.75
1986-02-25,622.5
1986-02-26,621.0
1986-02-27,621.5
1986-02-28,620.75
1986-03-03,619.5
1986-03-04,619.75
1986-03-05,619.25
1986-03-06,620.5
1986-03-07,620.5
1986-03-10,622.25
1986-03-11,620.25
1986-03-12,622.25
1986-03-13,625.0
1986-03-14,624.75
1986-03-17,625.0
1986-03-18,623.0
1986-03-19,617.25
1986-03-20,616.0
1986-03-21,615.5
1986-03-24,616.5
1986-03-25,618.0
1986-03-26,619.0
1986-03-27,617.75
1986-03-28,
1986-03-31,618.5
1986-04-01,620.75
1986-04-02,619.75
1986-04-03,616.75
1986-04-04,616.25
1986-04-07,616.75
1986-04-08,617.25
1986-04-09,614.5
1986-04-10,612.5
1986-04-11,611.0
1986-04-14,611.5
1986-04-15,610.5
1986-04-16,608.0
1986-04-17,609.25
1986-04-18,610.25
1986-04-21,608.5
1986-04-22,610.0
1986-04-23,607.25
1986-04-24,607.5
1986-04-25,608.0
1986-04-28,608.25
1986-04-29,613.0
1986-04-30,623.0
1986-05-01,617.25
1986-05-02,612.0
1986-05-05,611.5
1986-05-06,614.0
1986-05-07,615.0
1986-05-08,624.0
1986-05-09,624.5
1986-05-12,617.5
1986-05-13,619.75
1986-05-14,617.75
1986-05-15,614.75
1986-05-16,613.0
1986-05-19,612.0
1986-05-20,612.5
1986-05-21,611.0
1986-05-22,610.5
1986-05-23,609.75
1986-05-26,
1986-05-27,608.5
1986-05-28,607.5
1986-05-29,606.75
1986-05-30,606.5
1986-06-02,609.25
1986-06-03,608.0
1986-06-04,608.0
1986-06-05,607.5
1986-06-06,610.0
1986-06-09,608.25
1986-06-10,607.25
1986-06-11,606.5
1986-06-12,604.0
1986-06-13,604.25
1986-06-16,603.0
1986-06-17,604.5
1986-06-18,604.25
1986-06-19,606.25
1986-06-20,603.0
1986-06-23,601.5
1986-06-24,599.0
1986-06-25,598.75
1986-06-26,598.5
1986-06-27,599.75
1986-06-30,595.5
1986-07-01,594.25
1986-07-02,596.0
1986-07-03,596.25
1986-07-04,
1986-07-07,591.0
1986-07-08,590.25
1986-07-09,588.75
1986-07-10,586.75
1986-07-11,587.0
1986-07-14,586.25
1986-07-15,591.5
1986-07-16,594.75
1986-07-17,590.5
1986-07-18,588.0
1986-07-21,587.5
1986-07-22,584.0
1986-07-23,586.5
1986-07-24,586.75
1986-07-25,587.25
1986-07-28,588.5
1986-07-29,586.0
1986-07-30,585.0
1986-07-31,583.25
1986-08-01,587.5
1986-08-04,583.75
1986-08-05,581.25
1986-08-06,582.25
1986-08-07,581.75
1986-08-08,583.25
1986-08-11,585.0
1986-08-12,583.5
1986-08-13,583.25
1986-08-14,586.25
1986-08-15,584.5
1986-08-18,585.0
1986-08-19,582.75
1986-08-20,582.0
1986-08-21,582.75
1986-08-22,582.0
1986-08-25,579.5
1986-08-26,578.0
1986-08-27,579.0
1986-08-28,578.5
1986-08-29,578.5
1986-09-01,
1986-09-02,576.25
1986-09-03,576.0
1986-09-04,575.75
1986-09-05,577.25
1986-09-08,578.75
1986-09-09,578.5
1986-09-10,576.0
1986-09-11,575.75
1986-09-12,575.5
1986-09-15,574.75
1986-09-16,576.0
1986-09-17,578.0
1986-09-18,585.0
1986-09-19,583.0
1986-09-22,583.0
1986-09-23,585.25
1986-09-24,586.25
1986-09-25,583.5
1986-09-26,585.0
1986-09-29,588.25
1986-09-30,589.0
1986-10-01,589.25
1986-10-02,587.0
1986-10-03,585.5
1986-10-06,583.25
1986-10-07,583.75
1986-10-08,585.5
1986-10-09,585.75
1986-10-10,586.0
1986-10-13,584.25
1986-10-14,586.5
1986-10-15,586.0
1986-10-16,587.0
1986-10-17,588.0
1986-10-20,588.0
1986-10-21,589.25
1986-10-22,589.5
1986-10-23,587.75
1986-10-24,588.25
1986-10-27,587.0
1986-10-28,588.25
1986-10-29,586.25
1986-10-30,588.5
1986-10-31,587.75
1986-11-03,589.25
1986-11-04,590.0
1986-11-05,591.5
1986-11-06,590.75
1986-11-07,591.75
1986-11-10,590.25
1986-11-11,589.0
1986-11-12,590.25
1986-11-13,590.25
1986-11-14,589.25
1986-11-17,588.25
1986-11-18,588.0
1986-11-19,587.0
1986-11-20,587.5
1986-11-21,586.5
1986-11-24,585.75
1986-11-25,586.0
1986-11-26,586.5
1986-11-27,
1986-11-28,586.0
1986-12-01,586.75
1986-12-02,584.5
1986-12-03,581.75
1986-12-04,581.25
1986-12-05,581.5
1986-12-08,582.0
1986-12-09,579.25
1986-12-10,580.5
1986-12-11,578.75
1986-12-12,577.75
1986-12-15,578.75
1986-12-16,579.0
1986-12-17,578.0
1986-12-18,575.75
1986-12-19,575.75
1986-12-22,578.25
1986-12-23,576.75
1986-12-24,578.0
1986-12-25,
1986-12-26,579.0
1986-12-29,577.75
1986-12-30,577.0
1986-12-31,576.25
1987-01-01,
1987-01-02,572.75
1987-01-05,569.0
1987-01-06,569.25
1987-01-07,571.25
1987-01-08,570.25
1987-01-09,570.75
1987-01-12,574.25
1987-01-13,571.25
1987-01-14,573.0
1987-01-15,571.75
1987-01-16,571.0
1987-01-19,570.25
1987-01-20,569.75
1987-01-21,572.0
1987-01-22,571.0
1987-01-23,572.25
1987-01-26,573.25
1987-01-27,571.75
1987-01-28,570.0
1987-01-29,570.75
1987-01-30,572.0
1987-02-02,573.0
1987-02-03,572.5
1987-02-04,571.25
1987-02-05,567.75
1987-02-06,567.0
1987-02-09,563.75
1987-02-10,564.5
1987-02-11,563.25
1987-02-12,560.5
1987-02-13,559.75
1987-02-16,
1987-02-17,561.25
1987-02-18,560.75
1987-02-19,562.25
1987-02-20,565.0
1987-02-23,564.0
1987-02-24,564.25
1987-02-25,562.0
1987-02-26,561.25
1987-02-27,562.75
1987-03-02,565.0
1987-03-03,562.0
1987-03-04,563.25
1987-03-05,566.5
1987-03-06,569.0
1987-03-09,569.5
1987-03-10,569.0
1987-03-11,569.5
1987-03-12,568.75
1987-03-13,567.75
1987-03-16,568.5
1987-03-17,570.25
1987-03-18,569.0
1987-03-19,567.25
1987-03-20,568.5
1987-03-23,569.25
1987-03-24,570.25
1987-03-25,572.5
1987-03-26,571.25
1987-03-27,573.0
1987-03-30,573.5
1987-03-31,572.0
1987-04-01,571.25
1987-04-02,570.0
1987-04-03,569.25
1987-04-06,570.25
1987-04-07,573.25
1987-04-08,574.25
1987-04-09,576.0
1987-04-10,574.5
1987-04-13,578.75
1987-04-14,581.0
1987-04-15,576.75
1987-04-16,578.0
1987-04-17,
1987-04-20,581.0
1987-04-21,579.75
1987-04-22,578.0
1987-04-23,581.25
1987-04-24,582.0
1987-04-27,580.5
1987-04-28,581.0
1987-04-29,583.25
1987-04-30,584.25
1987-05-01,582.75
1987-05-04,585.0
1987-05-05,584.5
1987-05-06,586.0
1987-05-07,590.75
1987-05-08,594.75
1987-05-11,603.25
1987-05-12,598.25
1987-05-13,595.75
1987-05-14,601.5
1987-05-15,603.0
1987-05-18,593.0
1987-05-19,590.75
1987-05-20,585.75
1987-05-21,590.0
1987-05-22,590.25
1987-05-25,
1987-05-26,587.25
1987-05-27,589.5
1987-05-28,586.5
1987-05-29,587.5
1987-06-01,584.25
1987-06-02,587.25
1987-06-03,591.0
1987-06-04,591.25
1987-06-05,592.75
1987-06-08,592.5
1987-06-09,590.25
1987-06-10,588.5
1987-06-11,592.5
1987-06-12,597.25
1987-06-15,607.25
1987-06-16,610.25
1987-06-17,606.25
1987-06-18,600.75
1987-06-19,602.0
1987-06-22,592.0
1987-06-23,594.75
1987-06-24,597.75
1987-06-25,594.75
1987-06-26,592.75
1987-06-29,585.0
1987-06-30,587.0
1987-07-01,579.75
1987-07-02,581.25
1987-07-03,
1987-07-06,578.75
1987-07-07,578.75
1987-07-08,573.75
1987-07-09,575.0
1987-07-10,575.5
1987-07-13,572.25
1987-07-14,574.25
1987-07-15,572.75
1987-07-16,570.0
1987-07-17,567.25
1987-07-20,573.25
1987-07-21,568.25
1987-07-22,568.25
1987-07-23,568.5
1987-07-24,568.5
1987-07-27,569.0
1987-07-28,571.75
1987-07-29,567.0
1987-07-30,567.75
1987-07-31,569.0
1987-08-03,566.75
1987-08-04,561.0
1987-08-05,562.25
1987-08-06,560.25
1987-08-07,559.25
1987-08-10,560.5
1987-08-11,561.0
1987-08-12,559.75
1987-08-13,560.75
1987-08-14,564.5
1987-08-17,563.0
1987-08-18,561.75
1987-08-19,566.25
1987-08-20,564.0
1987-08-21,564.25
1987-08-24,563.25
1987-08-25,563.75
1987-08-26,566.5
1987-08-27,567.0
1987-08-28,564.75
1987-08-31,562.0
1987-09-01,560.75
1987-09-02,563.25
1987-09-03,562.25
1987-09-04,563.25
1987-09-07,
1987-09-08,567.5
1987-09-09,569.25
1987-09-10,570.5
1987-09-11,569.75
1987-09-14,572.5
1987-09-15,572.0
1987-09-16,575.75
1987-09-17,576.25
1987-09-18,611.25
1987-09-21,607.75
1987-09-22,607.5
1987-09-23,607.5
1987-09-24,608.75
1987-09-25,607.0
1987-09-28,609.25
1987-09-29,610.5
1987-09-30,606.5
1987-10-01,611.5
1987-10-02,610.0
1987-10-05,610.25
1987-10-06,610.0
1987-10-07,610.0
1987-10-08,610.0
1987-10-09,608.5
1987-10-12,607.5
1987-10-13,613.25
1987-10-14,614.25
1987-10-15,613.75
1987-10-16,610.25
1987-10-19,607.75
1987-10-20,607.25
1987-10-21,606.75
1987-10-22,606.5
1987-10-23,605.5
1987-10-26,603.25
1987-10-27,604.75
1987-10-28,604.25
1987-10-29,606.0
1987-10-30,605.25
1987-11-02,607.25
1987-11-03,605.25
1987-11-04,604.25
1987-11-05,605.5
1987-11-06,607.75
1987-11-09,607.75
1987-11-10,606.75
1987-11-11,608.25
1987-11-12,608.25
1987-11-13,609.75
1987-11-16,610.0
1987-11-17,611.25
1987-11-18,610.75
1987-11-19,610.0
1987-11-20,609.5
1987-11-23,609.5
1987-11-24,611.0
1987-11-25,614.0
1987-11-26,
1987-11-27,616.25
1987-11-30,614.0
1987-12-01,614.25
1987-12-02,610.75
1987-12-03,610.0
1987-12-04,609.25
1987-12-07,610.5
1987-12-08,611.0
1987-12-09,612.0
1987-12-10,611.0
1987-12-11,611.25
1987-12-14,611.25
1987-12-15,608.75
1987-12-16,608.75
1987-12-17,611.0
1987-12-18,611.0
1987-12-21,612.25
1987-12-22,613.5
1987-12-23,613.5
1987-12-24,613.5
1987-12-25,
1987-12-28,612.0
1987-12-29,612.25
1987-12-30,612.25
1987-12-31,612.25
1988-01-01,
1988-01-04,618.0
1988-01-05,616.0
1988-01-06,619.75
1988-01-07,623.75
1988-01-08,622.5
1988-01-11,625.0
1988-01-12,623.0
1988-01-13,624.75
1988-01-14,625.5
1988-01-15,627.25
1988-01-18,631.25
1988-01-19,630.75
1988-01-20,629.25
1988-01-21,627.75
1988-01-22,628.75
1988-01-25,629.75
1988-01-26,627.75
1988-01-27,626.25
1988-01-28,623.5
1988-01-29,622.75
1988-02-01,625.75
1988-02-02,625.0
1988-02-03,626.5
1988-02-04,631.25
1988-02-05,629.5
1988-02-08,631.0
1988-02-09,633.5
1988-02-10,633.25
1988-02-11,633.5
1988-02-12,632.5
1988-02-15,
1988-02-16,630.5
1988-02-17,635.0
1988-02-18,634.5
1988-02-19,637.25
1988-02-22,635.0
1988-02-23,631.75
1988-02-24,632.5
1988-02-25,632.25
1988-02-26,632.75
1988-02-29,635.0
1988-03-01,634.5
1988-03-02,632.0
1988-03-03,631.75
1988-03-04,629.25
1988-03-07,632.0
1988-03-08,631.75
1988-03-09,631.0
1988-03-10,629.0
1988-03-11,629.25
1988-03-14,631.75
1988-03-15,632.25
1988-03-16,632.0
1988-03-17,633.75
1988-03-18,633.25
1988-03-21,637.25
1988-03-22,636.75
1988-03-23,635.25
1988-03-24,636.5
1988-03-25,639.75
1988-03-28,639.0
1988-03-29,638.25
1988-03-30,636.75
1988-03-31,636.5
1988-04-01,
1988-04-04,638.75
1988-04-05,640.25
1988-04-06,639.0
1988-04-07,640.5
1988-04-08,642.25
1988-04-11,642.75
1988-04-12,642.75
1988-04-13,639.75
1988-04-14,640.5
1988-04-15,638.0
1988-04-18,639.75
1988-04-19,642.25
1988-04-20,641.0
1988-04-21,639.25
1988-04-22,640.0
1988-04-25,638.5
1988-04-26,640.25
1988-04-27,640.75
1988-04-28,639.25
1988-04-29,641.75
1988-05-02,643.75
1988-05-03,643.0
1988-05-04,643.0
1988-05-05,641.75
1988-05-06,641.75
1988-05-09,641.5
1988-05-10,641.0
1988-05-11,638.0
1988-05-12,637.0
1988-05-13,638.25
1988-05-16,647.25
1988-05-17,649.25
1988-05-18,649.75
1988-05-19,652.75
1988-05-20,655.25
1988-05-23,648.25
1988-05-24,653.0
1988-05-25,650.0
1988-05-26,647.75
1988-05-27,651.25
1988-05-30,
1988-05-31,660.75
1988-06-01,658.0
1988-06-02,661.5
1988-06-03,671.5
1988-06-06,681.5
1988-06-07,692.0
1988-06-08,687.25
1988-06-09,690.0
1988-06-10,693.5
1988-06-13,695.0
1988-06-14,705.0
1988-06-15,715.0
1988-06-16,730.0
1988-06-17,740.75
1988-06-20,755.75
1988-06-21,765.75
1988-06-22,771.0
1988-06-23,766.25
1988-06-24,768.0
1988-06-27,778.0
1988-06-28,763.0
1988-06-29,748.0
1988-06-30,760.75
1988-07-01,770.75
1988-07-04,
1988-07-05,772.75
1988-07-06,771.25
1988-07-07,756.25
1988-07-08,741.5
1988-07-11,726.5
1988-07-12,738.25
1988-07-13,748.25
1988-07-14,763.25
1988-07-15,762.75
1988-07-18,747.75
1988-07-19,732.75
1988-07-20,732.25
1988-07-21,738.75
1988-07-22,735.75
1988-07-25,725.75
1988-07-26,710.75
1988-07-27,702.25
1988-07-28,689.0
1988-07-29,699.0
1988-08-01,714.0
1988-08-02,722.5
1988-08-03,721.25
1988-08-04,727.25
1988-08-05,729.75
1988-08-08,719.75
1988-08-09,723.0
1988-08-10,724.0
1988-08-11,720.75
1988-08-12,710.75
1988-08-15,720.75
1988-08-16,711.25
1988-08-17,709.75
1988-08-18,712.0
1988-08-19,711.0
1988-08-22,701.25
1988-08-23,699.25
1988-08-24,709.0
1988-08-25,705.25
1988-08-26,702.0
1988-08-29,700.25
1988-08-30,706.0
1988-08-31,711.75
1988-09-01,716.25
1988-09-02,716.25
1988-09-05,
1988-09-06,719.75
1988-09-07,717.75
1988-09-08,717.25
1988-09-09,713.75
1988-09-12,714.25
1988-09-13,714.75
1988-09-14,715.75
1988-09-15,710.75
1988-09-16,705.75
1988-09-19,
1988-09-20,678.5
1988-09-21,677.25
1988-09-22,678.0
1988-09-23,677.5
1988-09-26,674.25
1988-09-27,674.0
1988-09-28,676.5
1988-09-29,669.0
1988-09-30,671.0
1988-10-03,671.5
1988-10-04,671.0
1988-10-05,670.25
1988-10-06,671.0
1988-10-07,669.0
1988-10-10,671.25
1988-10-11,669.25
1988-10-12,669.5
1988-10-13,671.5
1988-10-14,671.5
1988-10-17,671.75
1988-10-18,672.5
1988-10-19,671.5
1988-10-20,672.25
1988-10-21,671.75
1988-10-24,671.5
1988-10-25,666.75
1988-10-26,670.75
1988-10-27,668.5
1988-10-28,671.0
1988-10-31,669.0
1988-11-01,672.25
1988-11-02,672.5
1988-11-03,673.75
1988-11-04,672.25
1988-11-07,672.25
1988-11-08,674.5
1988-11-09,673.75
1988-11-10,671.75
1988-11-11,672.25
1988-11-14,674.5
1988-11-15,673.0
1988-11-16,672.25
1988-11-17,668.5
1988-11-18,666.5
1988-11-21,665.25
1988-11-22,667.5
1988-11-23,668.0
1988-11-24,
1988-11-25,670.0
1988-11-28,665.75
1988-11-29,665.75
1988-11-30,667.5
1988-12-01,668.25
1988-12-02,667.25
1988-12-05,665.5
1988-12-06,669.75
1988-12-07,669.75
1988-12-08,668.25
1988-12-09,666.25
1988-12-12,671.0
1988-12-13,672.5
1988-12-14,676.75
1988-12-15,676.75
1988-12-16,680.5
1988-12-19,679.75
1988-12-20,676.5
1988-12-21,683.25
1988-12-22,685.0
1988-12-23,685.5
1988-12-26,
1988-12-27,684.0
1988-12-28,686.0
1988-12-29,683.75
1988-12-30,685.5
1989-01-02,
1989-01-03,685.25
1989-01-04,690.25
1989-01-05,691.5
1989-01-06,690.5
1989-01-09,689.75
1989-01-10,689.0
1989-01-11,688.0
1989-01-12,689.0
1989-01-13,691.75
1989-01-16,681.75
1989-01-17,679.5
1989-01-18,685.5
1989-01-19,683.75
1989-01-20,683.5
1989-01-23,681.75
1989-01-24,685.5
1989-01-25,683.5
1989-01-26,684.0
1989-01-27,684.5
1989-01-30,684.75
1989-01-31,691.75
1989-02-01,689.0
1989-02-02,686.25
1989-02-03,687.25
1989-02-06,682.0
1989-02-07,682.75
1989-02-08,680.75
1989-02-09,681.75
1989-02-10,682.75
1989-02-13,681.5
1989-02-14,683.25
1989-02-15,683.25
1989-02-16,682.25
1989-02-17,683.75
1989-02-20,
1989-02-21,681.75
1989-02-22,682.5
1989-02-23,681.75
1989-02-24,682.0
1989-02-27,682.5
1989-02-28,683.5
1989-03-01,684.0
1989-03-02,685.25
1989-03-03,684.75
1989-03-06,683.0
1989-03-07,684.5
1989-03-08,683.75
1989-03-09,686.75
1989-03-10,686.0
1989-03-13,687.5
1989-03-14,686.5
1989-03-15,687.0
1989-03-16,687.0
1989-03-17,687.25
1989-03-20,689.0
1989-03-21,687.5
1989-03-22,684.75
1989-03-23,682.0
1989-03-24,
1989-03-27,674.5
1989-03-28,675.0
1989-03-29,673.25
1989-03-30,667.5
1989-03-31,670.0
1989-04-03,668.0
1989-04-04,670.0
1989-04-05,669.75
1989-04-06,672.5
1989-04-07,671.25
1989-04-10,670.5
1989-04-11,671.0
1989-04-12,674.5
1989-04-13,674.0
1989-04-14,678.5
1989-04-17,684.5
1989-04-18,682.25
1989-04-19,678.25
1989-04-20,677.75
1989-04-21,683.5
1989-04-24,676.0
1989-04-25,672.5
1989-04-26,673.5
1989-04-27,674.75
1989-04-28,672.0
1989-05-01,677.75
1989-05-02,675.5
1989-05-03,676.0
1989-05-04,675.25
1989-05-05,676.5
1989-05-08,674.5
1989-05-09,674.5
1989-05-10,673.75
1989-05-11,671.75
1989-05-12,670.75
1989-05-15,672.75
1989-05-16,668.0
1989-05-17,666.5
1989-05-18,669.5
1989-05-19,670.75
1989-05-22,661.5
1989-05-23,657.5
1989-05-24,652.0
1989-05-25,654.25
1989-05-26,652.5
1989-05-29,
1989-05-30,647.25
1989-05-31,647.5
1989-06-01,649.25
1989-06-02,650.5
1989-06-05,652.75
1989-06-06,650.75
1989-06-07,649.0
1989-06-08,644.0
1989-06-09,644.5
1989-06-12,645.5
1989-06-13,648.75
1989-06-14,657.25
1989-06-15,657.5
1989-06-16,659.0
1989-06-19,669.0
1989-06-20,666.25
1989-06-21,665.0
1989-06-22,660.5
1989-06-23,661.25
1989-06-26,652.75
1989-06-27,656.5
1989-06-28,659.5
1989-06-29,659.5
1989-06-30,665.0
1989-07-03,673.75
1989-07-04,
1989-07-05,683.75
1989-07-06,681.75
1989-07-07,678.5
1989-07-10,665.5
1989-07-11,661.75
1989-07-12,662.5
1989-07-13,661.25
1989-07-14,665.0
1989-07-17,655.0
1989-07-18,648.75
1989-07-19,651.0
1989-07-20,649.75
1989-07-21,650.0
1989-07-24,640.75
1989-07-25,638.25
1989-07-26,638.25
1989-07-27,641.75
1989-07-28,638.5
1989-07-31,632.75
1989-08-01,634.75
1989-08-02,634.25
1989-08-03,631.75
1989-08-04,634.25
1989-08-07,639.0
1989-08-08,638.75
1989-08-09,636.75
1989-08-10,638.0
1989-08-11,648.0
1989-08-14,644.0
1989-08-15,650.0
1989-08-16,651.5
1989-08-17,650.25
1989-08-18,649.0
1989-08-21,649.0
1989-08-22,652.25
1989-08-23,649.75
1989-08-24,648.0
1989-08-25,646.5
1989-08-28,645.75
1989-08-29,646.0
1989-08-30,646.0
1989-08-31,649.0
1989-09-01,646.5
1989-09-04,
1989-09-05,645.5
1989-09-06,650.0
1989-09-07,650.25
1989-09-08,651.5
1989-09-11,650.5
1989-09-12,647.25
1989-09-13,641.75
1989-09-14,644.25
1989-09-15,642.5
1989-09-18,
1989-09-19,624.0
1989-09-20,623.75
1989-09-21,626.25
1989-09-22,625.75
1989-09-25,627.0
1989-09-26,626.25
1989-09-27,624.75
1989-09-28,627.5
1989-09-29,628.0
1989-10-02,634.5
1989-10-03,632.75
1989-10-04,632.75
1989-10-05,632.75
1989-10-06,628.75
1989-10-09,626.5
1989-10-10,626.0
1989-10-11,626.25
1989-10-12,624.5
1989-10-13,625.5
1989-10-16,627.0
1989-10-17,627.75
1989-10-18,627.75
1989-10-19,630.75
1989-10-20,630.75
1989-10-23,628.25
1989-10-24,628.0
1989-10-25,629.5
1989-10-26,630.75
1989-10-27,631.0
1989-10-30,629.0
1989-10-31,627.0
1989-11-01,628.25
1989-11-02,628.25
1989-11-03,629.0
1989-11-06,629.25
1989-11-07,628.5
1989-11-08,628.5
1989-11-09,629.25
1989-11-10,629.5
1989-11-13,629.0
1989-11-14,628.25
1989-11-15,630.25
1989-11-16,632.25
1989-11-17,632.0
1989-11-20,631.5
1989-11-21,631.75
1989-11-22,631.0
1989-11-23,
1989-11-24,628.75
1989-11-27,624.75
1989-11-28,626.75
1989-11-29,629.0
1989-11-30,629.25
1989-12-01,628.75
1989-12-04,630.0
1989-12-05,632.0
1989-12-06,633.5
1989-12-07,631.25
1989-12-08,631.0
1989-12-11,632.75
1989-12-12,633.25
1989-12-13,634.75
1989-12-14,634.75
1989-12-15,635.75
1989-12-18,635.5
1989-12-19,636.75
1989-12-20,635.5
1989-12-21,635.0
1989-12-22,635.0
1989-12-25,
1989-12-26,634.25
1989-12-27,634.75
1989-12-28,636.75
1989-12-29,637.5
1990-01-01,
1990-01-02,635.25
1990-01-03,636.75
1990-01-04,638.0
1990-01-05,637.5
1990-01-08,638.75
1990-01-09,637.75
1990-01-10,636.75
1990-01-11,635.5
1990-01-12,639.25
1990-01-15,639.25
1990-01-16,639.0
1990-01-17,637.75
1990-01-18,639.5
1990-01-19,639.25
1990-01-22,636.75
1990-01-23,638.25
1990-01-24,637.25
1990-01-25,635.0
1990-01-26,635.5
1990-01-29,635.75
1990-01-30,635.25
1990-01-31,633.75
1990-02-01,633.0
1990-02-02,631.0
1990-02-05,629.75
1990-02-06,632.25
1990-02-07,633.5
1990-02-08,633.5
1990-02-09,633.75
1990-02-12,636.75
1990-02-13,635.75
1990-02-14,637.25
1990-02-15,638.5
1990-02-16,638.0
1990-02-19,
1990-02-20,638.75
1990-02-21,640.0
1990-02-22,643.0
1990-02-23,644.5
1990-02-26,642.75
1990-02-27,641.5
1990-02-28,642.5
1990-03-01,642.25
1990-03-02,642.75
1990-03-05,643.0
1990-03-06,641.75
1990-03-07,640.25
1990-03-08,642.25
1990-03-09,643.75
1990-03-12,647.0
1990-03-13,645.75
1990-03-14,642.5
1990-03-15,643.5
1990-03-16,644.75
1990-03-19,648.5
1990-03-20,649.0
1990-03-21,647.0
1990-03-22,647.5
1990-03-23,646.0
1990-03-26,647.0
1990-03-27,646.0
1990-03-28,642.5
1990-03-29,643.25
1990-03-30,644.0
1990-04-02,648.0
1990-04-03,650.25
1990-04-04,651.75
1990-04-05,652.0
1990-04-06,649.75
1990-04-09,650.25
1990-04-10,652.0
1990-04-11,652.0
1990-04-12,650.25
1990-04-13,
1990-04-16,654.25
1990-04-17,656.75
1990-04-18,655.5
1990-04-19,658.0
1990-04-20,656.5
1990-04-23,655.75
1990-04-24,655.25
1990-04-25,658.75
1990-04-26,661.25
1990-04-27,662.0
1990-04-30,661.0
1990-05-01,660.0
1990-05-02,663.0
1990-05-03,660.5
1990-05-04,660.0
1990-05-07,661.5
1990-05-08,661.25
1990-05-09,664.5
1990-05-10,667.25
1990-05-11,669.75
1990-05-14,669.25
1990-05-15,664.75
1990-05-16,662.25
1990-05-17,664.0
1990-05-18,660.0
1990-05-21,655.0
1990-05-22,656.0
1990-05-23,657.5
1990-05-24,661.25
1990-05-25,666.25
1990-05-28,
1990-05-29,665.0
1990-05-30,660.25
1990-05-31,658.75
1990-06-01,656.5
1990-06-04,655.0
1990-06-05,660.5
1990-06-06,660.0
1990-06-07,668.75
1990-06-08,668.25
1990-06-11,673.0
1990-06-12,675.75
1990-06-13,671.5
1990-06-14,669.25
1990-06-15,664.0
1990-06-18,670.25
1990-06-19,671.0
1990-06-20,668.75
1990-06-21,670.5
1990-06-22,667.5
1990-06-25,674.0
1990-06-26,672.75
1990-06-27,673.5
1990-06-28,676.75
1990-06-29,677.5
1990-07-02,680.0
1990-07-03,680.25
1990-07-04,
1990-07-05,670.25
1990-07-06,662.25
1990-07-09,663.0
1990-07-10,663.25
1990-07-11,659.0
1990-07-12,655.5
1990-07-13,657.0
1990-07-16,650.75
1990-07-17,648.0
1990-07-18,646.0
1990-07-19,646.0
1990-07-20,644.25
1990-07-23,648.5
1990-07-24,646.75
1990-07-25,645.75
1990-07-26,648.5
1990-07-27,646.25
1990-07-30,646.0
1990-07-31,645.25
1990-08-01,639.75
1990-08-02,636.5
1990-08-03,634.0
1990-08-06,639.0
1990-08-07,639.0
1990-08-08,636.5
1990-08-09,635.5
1990-08-10,634.5
1990-08-13,631.0
1990-08-14,632.25
1990-08-15,634.0
1990-08-16,634.25
1990-08-17,635.25
1990-08-20,635.0
1990-08-21,634.25
1990-08-22,635.5
1990-08-23,640.5
1990-08-24,640.0
1990-08-27,634.0
1990-08-28,633.0
1990-08-29,627.5
1990-08-30,623.25
1990-08-31,623.0
1990-09-03,
1990-09-04,624.0
1990-09-05,625.75
1990-09-06,627.5
1990-09-07,623.75
1990-09-10,624.0
1990-09-11,625.75
1990-09-12,624.0
1990-09-13,615.5
1990-09-14,613.75
1990-09-17,615.25
1990-09-18,642.5
1990-09-19,638.5
1990-09-20,639.0
1990-09-21,639.75
1990-09-24,640.25
1990-09-25,640.5
1990-09-26,639.75
1990-09-27,641.0
1990-09-28,641.0
1990-10-01,637.75
1990-10-02,640.5
1990-10-03,643.0
1990-10-04,644.0
1990-10-05,644.5
1990-10-08,646.75
1990-10-09,647.5
1990-10-10,648.5
1990-10-11,644.25
1990-10-12,644.75
1990-10-15,642.75
1990-10-16,641.75
1990-10-17,643.5
1990-10-18,641.75
1990-10-19,642.25
1990-10-22,644.0
1990-10-23,645.25
1990-10-24,647.0
1990-10-25,645.25
1990-10-26,642.75
1990-10-29,642.75
1990-10-30,643.5
1990-10-31,643.75
1990-11-01,644.5
1990-11-02,646.25
1990-11-05,648.0
1990-11-06,646.5
1990-11-07,646.25
1990-11-08,647.75
1990-11-09,646.75
1990-11-12,647.75
1990-11-13,647.25
1990-11-14,642.25
1990-11-15,640.5
1990-11-16,644.75
1990-11-19,646.75
1990-11-20,643.75
1990-11-21,643.5
1990-11-22,
1990-11-23,644.5
1990-11-26,642.75
1990-11-27,640.75
1990-11-28,643.5
1990-11-29,645.75
1990-11-30,645.5
1990-12-03,645.25
1990-12-04,645.25
1990-12-05,645.0
1990-12-06,645.75
1990-12-07,644.5
1990-12-10,647.0
1990-12-11,647.75
1990-12-12,648.75
1990-12-13,646.75
1990-12-14,646.75
1990-12-17,649.25
1990-12-18,649.0
1990-12-19,646.0
1990-12-20,644.75
1990-12-21,644.75
1990-12-24,645.25
1990-12-25,
1990-12-26,647.25
1990-12-27,646.25
1990-12-28,646.0
1990-12-31,645.25
1991-01-01,
1991-01-02,643.5
1991-01-03,643.75
1991-01-04,644.5
1991-01-07,644.75
1991-01-08,644.0
1991-01-09,643.0
1991-01-10,644.0
1991-01-11,643.5
1991-01-14,645.0
1991-01-15,646.75
1991-01-16,650.25
1991-01-17,651.75
1991-01-18,650.0
1991-01-21,649.25
1991-01-22,650.0
1991-01-23,649.0
1991-01-24,651.5
1991-01-25,654.75
1991-01-28,654.75
1991-01-29,656.0
1991-01-30,654.75
1991-01-31,655.25
1991-02-01,655.75
1991-02-04,655.5
1991-02-05,653.75
1991-02-06,652.0
1991-02-07,650.75
1991-02-08,653.0
1991-02-11,653.5
1991-02-12,650.5
1991-02-13,652.25
1991-02-14,652.5
1991-02-15,654.0
1991-02-18,
1991-02-19,654.5
1991-02-20,653.5
1991-02-21,653.5
1991-02-22,654.0
1991-02-25,655.75
1991-02-26,656.75
1991-02-27,655.75
1991-02-28,658.75
1991-03-01,661.25
1991-03-04,662.0
1991-03-05,662.0
1991-03-06,660.25
1991-03-07,660.0
1991-03-08,661.25
1991-03-11,658.75
1991-03-12,662.5
1991-03-13,662.5
1991-03-14,661.75
1991-03-15,655.5
1991-03-18,653.25
1991-03-19,654.75
1991-03-20,653.25
1991-03-21,651.75
1991-03-22,653.5
1991-03-25,651.25
1991-03-26,649.75
1991-03-27,650.25
1991-03-28,651.75
1991-03-29,
1991-04-01,659.5
1991-04-02,658.5
1991-04-03,660.0
1991-04-04,658.75
1991-04-05,658.25
1991-04-08,659.25
1991-04-09,655.75
1991-04-10,658.75
1991-04-11,659.25
1991-04-12,659.0
1991-04-15,656.5
1991-04-16,656.5
1991-04-17,653.75
1991-04-18,653.0
1991-04-19,655.25
1991-04-22,652.5
1991-04-23,655.25
1991-04-24,653.0
1991-04-25,652.25
1991-04-26,649.25
1991-04-29,645.25
1991-04-30,645.75
1991-05-01,645.5
1991-05-02,647.5
1991-05-03,648.0
1991-05-06,650.25
1991-05-07,647.25
1991-05-08,642.5
1991-05-09,642.75
1991-05-10,638.75
1991-05-13,639.75
1991-05-14,642.0
1991-05-15,640.25
1991-05-16,641.0
1991-05-17,640.5
1991-05-20,641.25
1991-05-21,643.0
1991-05-22,642.75
1991-05-23,644.75
1991-05-24,644.25
1991-05-27,
1991-05-28,640.25
1991-05-29,637.25
1991-05-30,636.75
1991-05-31,639.75
1991-06-03,643.0
1991-06-04,640.75
1991-06-05,641.25
1991-06-06,642.75
1991-06-07,643.75
1991-06-10,637.5
1991-06-11,636.75
1991-06-12,637.0
1991-06-13,636.0
1991-06-14,637.0
1991-06-17,632.75
1991-06-18,633.25
1991-06-19,638.25
1991-06-20,634.5
1991-06-21,630.75
1991-06-24,635.25
1991-06-25,634.25
1991-06-26,635.0
1991-06-27,630.5
1991-06-28,621.0
1991-07-01,626.75
1991-07-02,625.25
1991-07-03,625.0
1991-07-04,
1991-07-05,620.0
1991-07-08,615.5
1991-07-09,616.5
1991-07-10,619.5
1991-07-11,617.5
1991-07-12,622.0
1991-07-15,624.5
1991-07-16,634.25
1991-07-17,635.75
1991-07-18,628.75
1991-07-19,626.5
1991-07-22,635.0
1991-07-23,645.0
1991-07-24,643.75
1991-07-25,646.25
1991-07-26,650.5
1991-07-29,657.25
1991-07-30,653.25
1991-07-31,658.25
1991-08-01,663.25
1991-08-02,663.5
1991-08-05,653.5
1991-08-06,652.25
1991-08-07,647.25
1991-08-08,648.75
1991-08-09,650.0
1991-08-12,653.0
1991-08-13,651.75
1991-08-14,642.5
1991-08-15,645.25
1991-08-16,645.0
1991-08-19,635.0
1991-08-20,631.75
1991-08-21,641.75
1991-08-22,649.5
1991-08-23,649.5
1991-08-26,653.5
1991-08-27,650.5
1991-08-28,649.5
1991-08-29,647.5
1991-08-30,649.75
1991-09-02,
1991-09-03,649.25
1991-09-04,649.25
1991-09-05,647.75
1991-09-06,646.0
1991-09-09,645.25
1991-09-10,644.75
1991-09-11,647.25
1991-09-12,650.25
1991-09-13,649.0
1991-09-16,650.5
1991-09-17,650.0
1991-09-18,622.25
1991-09-19,622.5
1991-09-20,621.25
1991-09-23,621.5
1991-09-24,621.5
1991-09-25,620.0
1991-09-26,619.5
1991-09-27,619.25
1991-09-30,620.5
1991-10-01,624.0
1991-10-02,624.0
1991-10-03,623.0
1991-10-04,624.25
1991-10-07,625.25
1991-10-08,624.75
1991-10-09,624.0
1991-10-10,625.75
1991-10-11,626.25
1991-10-14,626.75
1991-10-15,628.0
1991-10-16,626.5
1991-10-17,626.75
1991-10-18,625.75
1991-10-21,625.25
1991-10-22,628.25
1991-10-23,628.0
1991-10-24,629.25
1991-10-25,628.25
1991-10-28,627.75
1991-10-29,628.25
1991-10-30,625.25
1991-10-31,624.0
1991-11-01,626.0
1991-11-04,626.0
1991-11-05,625.5
1991-11-06,626.25
1991-11-07,625.0
1991-11-08,625.25
1991-11-11,624.75
1991-11-12,625.25
1991-11-13,627.0
1991-11-14,626.0
1991-11-15,624.75
1991-11-18,623.0
1991-11-19,622.75
1991-11-20,625.25
1991-11-21,623.5
1991-11-22,623.5
1991-11-25,624.25
1991-11-26,624.0
1991-11-27,624.5
1991-11-28,
1991-11-29,624.0
1991-12-02,625.25
1991-12-03,625.0
1991-12-04,625.0
1991-12-05,624.75
1991-12-06,624.25
1991-12-09,624.75
1991-12-10,622.5
1991-12-11,623.5
1991-12-12,623.0
1991-12-13,626.5
1991-12-16,626.5
1991-12-17,627.5
1991-12-18,628.0
1991-12-19,626.25
1991-12-20,626.75
1991-12-23,626.0
1991-12-24,626.75
1991-12-25,
1991-12-26,628.5
1991-12-27,628.75
1991-12-30,627.5
1991-12-31,627.25
1992-01-01,
1992-01-02,627.75
1992-01-03,627.0
1992-01-06,627.5
1992-01-07,628.5
1992-01-08,631.75
1992-01-09,633.5
1992-01-10,632.75
1992-01-13,634.75
1992-01-14,633.5
1992-01-15,637.0
1992-01-16,634.5
1992-01-17,633.25
1992-01-20,634.25
1992-01-21,634.0
1992-01-22,634.25
1992-01-23,634.5
1992-01-24,637.75
1992-01-27,637.75
1992-01-28,638.5
1992-01-29,638.5
1992-01-30,637.75
1992-01-31,637.25
1992-02-03,639.25
1992-02-04,640.25
1992-02-05,640.25
1992-02-06,640.75
1992-02-07,641.5
1992-02-10,644.5
1992-02-11,637.0
1992-02-12,639.5
1992-02-13,641.25
1992-02-14,640.75
1992-02-17,
1992-02-18,641.5
1992-02-19,641.75
1992-02-20,642.25
1992-02-21,640.25
1992-02-24,639.5
1992-02-25,637.75
1992-02-26,638.0
1992-02-27,639.5
1992-02-28,643.0
1992-03-02,644.75
1992-03-03,643.25
1992-03-04,642.5
1992-03-05,643.0
1992-03-06,644.0
1992-03-09,644.75
1992-03-10,640.75
1992-03-11,639.25
1992-03-12,637.0
1992-03-13,634.75
1992-03-16,634.25
1992-03-17,635.75
1992-03-18,635.5
1992-03-19,634.5
1992-03-20,634.0
1992-03-23,635.5
1992-03-24,634.75
1992-03-25,635.75
1992-03-26,636.25
1992-03-27,634.0
1992-03-30,630.75
1992-03-31,629.25
1992-04-01,628.25
1992-04-02,628.75
1992-04-03,629.5
1992-04-06,631.25
1992-04-07,625.0
1992-04-08,621.5
1992-04-09,622.5
1992-04-10,624.0
1992-04-13,
1992-04-14,
1992-04-15,625.25
1992-04-16,624.5
1992-04-17,
1992-04-20,626.0
1992-04-21,625.25
1992-04-22,619.75
1992-04-23,622.0
1992-04-24,619.5
1992-04-27,618.75
1992-04-28,619.5
1992-04-29,619.25
1992-04-30,617.5
1992-05-01,622.75
1992-05-04,629.75
1992-05-05,628.0
1992-05-06,630.25
1992-05-07,632.75
1992-05-08,629.5
1992-05-11,627.0
1992-05-12,630.0
1992-05-13,633.75
1992-05-14,634.75
1992-05-15,635.0
1992-05-18,636.0
1992-05-19,628.25
1992-05-20,627.0
1992-05-21,624.25
1992-05-22,626.25
1992-05-25,
1992-05-26,630.25
1992-05-27,634.25
1992-05-28,633.0
1992-05-29,637.0
1992-06-01,636.5
1992-06-02,640.75
1992-06-03,639.75
1992-06-04,638.5
1992-06-05,633.25
1992-06-08,639.75
1992-06-09,640.5
1992-06-10,641.0
1992-06-11,639.0
1992-06-12,637.25
1992-06-15,625.25
1992-06-16,626.5
1992-06-17,629.25
1992-06-18,627.5
1992-06-19,629.5
1992-06-22,626.25
1992-06-23,630.5
1992-06-24,628.25
1992-06-25,632.5
1992-06-26,633.25
1992-06-29,631.0
1992-06-30,628.5
1992-07-01,632.75
1992-07-02,627.0
1992-07-03,
1992-07-06,616.5
1992-07-07,617.0
1992-07-08,613.5
1992-07-09,613.0
1992-07-10,612.0
1992-07-13,609.5
1992-07-14,606.75
1992-07-15,605.5
1992-07-16,604.25
1992-07-17,602.75
1992-07-20,600.25
1992-07-21,600.75
1992-07-22,600.0
1992-07-23,597.75
1992-07-24,595.5
1992-07-27,596.75
1992-07-28,597.25
1992-07-29,597.0
1992-07-30,594.75
1992-07-31,592.75
1992-08-03,592.75
1992-08-04,592.0
1992-08-05,590.25
1992-08-06,588.25
1992-08-07,584.5
1992-08-10,586.5
1992-08-11,589.75
1992-08-12,588.5
1992-08-13,591.5
1992-08-14,592.75
1992-08-17,596.0
1992-08-18,592.25
1992-08-19,589.75
1992-08-20,591.0
1992-08-21,592.75
1992-08-24,594.75
1992-08-25,596.25
1992-08-26,593.75
1992-08-27,589.5
1992-08-28,585.75
1992-08-31,587.25
1992-09-01,590.0
1992-09-02,591.0
1992-09-03,591.25
1992-09-04,592.25
1992-09-07,
1992-09-08,596.0
1992-09-09,592.0
1992-09-10,588.75
1992-09-11,588.75
1992-09-14,587.5
1992-09-15,591.0
1992-09-16,590.5
1992-09-17,587.25
1992-09-18,606.0
1992-09-21,606.0
1992-09-22,604.25
1992-09-23,602.5
1992-09-24,603.25
1992-09-25,603.75
1992-09-28,602.25
1992-09-29,603.5
1992-09-30,603.25
1992-10-01,602.5
1992-10-02,602.25
1992-10-05,600.5
1992-10-06,601.5
1992-10-07,601.5
1992-10-08,600.25
1992-10-09,600.0
1992-10-12,600.0
1992-10-13,600.0
1992-10-14,602.25
1992-10-15,600.0
1992-10-16,599.25
1992-10-19,599.25
1992-10-20,600.75
1992-10-21,599.75
1992-10-22,600.75
1992-10-23,599.75
1992-10-26,599.0
1992-10-27,599.5
1992-10-28,600.25
1992-10-29,603.0
1992-10-30,603.0
1992-11-02,606.75
1992-11-03,606.5
1992-11-04,603.75
1992-11-05,601.75
1992-11-06,603.5
1992-11-09,603.0
1992-11-10,603.0
1992-11-11,605.25
1992-11-12,607.0
1992-11-13,609.75
1992-11-16,608.0
1992-11-17,610.5
1992-11-18,610.0
1992-11-19,610.75
1992-11-20,607.5
1992-11-23,612.0
1992-11-24,611.75
1992-11-25,610.5
1992-11-26,
1992-11-27,609.75
1992-11-30,609.25
1992-12-01,608.0
1992-12-02,607.75
1992-12-03,608.0
1992-12-04,606.75
1992-12-07,606.0
1992-12-08,606.0
1992-12-09,606.5
1992-12-10,608.0
1992-12-11,609.5
1992-12-14,609.5
1992-12-15,609.0
1992-12-16,607.5
1992-12-17,605.25
1992-12-18,605.0
1992-12-21,605.5
1992-12-22,605.5
1992-12-23,606.75
1992-12-24,606.75
1992-12-25,
1992-12-28,606.25
1992-12-29,604.75
1992-12-30,604.25
1992-12-31,604.5
1993-01-01,
1993-01-04,603.75
1993-01-05,604.5
1993-01-06,605.25
1993-01-07,605.75
1993-01-08,606.25
1993-01-11,606.5
1993-01-12,608.5
1993-01-13,607.25
1993-01-14,607.25
1993-01-15,607.75
1993-01-18,608.25
1993-01-19,610.25
1993-01-20,609.5
1993-01-21,610.75
1993-01-22,610.5
1993-01-25,609.5
1993-01-26,608.75
1993-01-27,609.0
1993-01-28,607.5
1993-01-29,607.5
1993-02-01,607.25
1993-02-02,606.5
1993-02-03,606.0
1993-02-04,604.75
1993-02-05,603.25
1993-02-08,603.5
1993-02-09,605.25
1993-02-10,605.75
1993-02-11,605.25
1993-02-12,605.25
1993-02-15,
1993-02-16,605.25
1993-02-17,605.25
1993-02-18,604.75
1993-02-19,604.0
1993-02-22,603.5
1993-02-23,603.5
1993-02-24,603.75
1993-02-25,602.75
1993-02-26,604.0
1993-03-01,608.25
1993-03-02,608.25
1993-03-03,607.25
1993-03-04,607.25
1993-03-05,606.5
1993-03-08,606.25
1993-03-09,606.25
1993-03-10,606.25
1993-03-11,605.25
1993-03-12,604.0
1993-03-15,604.5
1993-03-16,605.25
1993-03-17,607.75
1993-03-18,608.25
1993-03-19,609.0
1993-03-22,608.0
1993-03-23,609.25
1993-03-24,611.0
1993-03-25,610.5
1993-03-26,610.0
1993-03-29,610.75
1993-03-30,609.75
1993-03-31,609.5
1993-04-01,610.0
1993-04-02,611.25
1993-04-05,610.5
1993-04-06,611.25
1993-04-07,612.75
1993-04-08,612.75
1993-04-09,
1993-04-12,614.25
1993-04-13,614.25
1993-04-14,611.0
1993-04-15,612.0
1993-04-16,608.5
1993-04-19,610.75
1993-04-20,612.75
1993-04-21,608.75
1993-04-22,606.5
1993-04-23,604.75
1993-04-26,605.25
1993-04-27,601.25
1993-04-28,601.25
1993-04-29,602.0
1993-04-30,606.25
1993-05-03,606.75
1993-05-04,604.25
1993-05-05,604.25
1993-05-06,605.5
1993-05-07,604.25
1993-05-10,601.25
1993-05-11,603.25
1993-05-12,607.5
1993-05-13,605.25
1993-05-14,604.75
1993-05-17,602.75
1993-05-18,604.25
1993-05-19,601.75
1993-05-20,604.25
1993-05-21,604.25
1993-05-24,604.0
1993-05-25,601.75
1993-05-26,602.75
1993-05-27,600.75
1993-05-28,601.0
1993-05-31,
1993-06-01,595.5
1993-06-02,594.75
1993-06-03,594.75
1993-06-04,596.5
1993-06-07,599.75
1993-06-08,598.0
1993-06-09,597.25
1993-06-10,594.75
1993-06-11,591.75
1993-06-14,592.0
1993-06-15,591.5
1993-06-16,593.0
1993-06-17,594.75
1993-06-18,596.75
1993-06-21,598.0
1993-06-22,598.75
1993-06-23,598.75
1993-06-24,599.25
1993-06-25,598.0
1993-06-28,597.75
1993-06-29,598.5
1993-06-30,603.25
1993-07-01,611.5
1993-07-02,613.75
1993-07-05,
1993-07-06,623.5
1993-07-07,622.75
1993-07-08,617.75
1993-07-09,616.0
1993-07-12,610.5
1993-07-13,609.5
1993-07-14,612.5
1993-07-15,610.0
1993-07-16,615.75
1993-07-19,617.0
1993-07-20,615.5
1993-07-21,614.5
1993-07-22,616.75
1993-07-23,616.25
1993-07-26,613.25
1993-07-27,615.0
1993-07-28,611.5
1993-07-29,609.75
1993-07-30,606.75
1993-08-02,611.75
1993-08-03,612.75
1993-08-04,611.25
1993-08-05,609.0
1993-08-06,611.0
1993-08-09,607.5
1993-08-10,610.75
1993-08-11,612.25
1993-08-12,609.25
1993-08-13,609.25
1993-08-16,606.0
1993-08-17,608.0
1993-08-18,607.0
1993-08-19,608.25
1993-08-20,608.25
1993-08-23,610.5
1993-08-24,609.25
1993-08-25,608.75
1993-08-26,604.0
1993-08-27,606.25
1993-08-30,605.5
1993-08-31,602.5
1993-09-01,
1993-09-02,600.25
1993-09-03,601.75
1993-09-06,
1993-09-07,598.0
1993-09-08,599.5
1993-09-09,600.75
1993-09-10,600.0
1993-09-13,603.75
1993-09-14,601.75
1993-09-15,603.75
1993-09-16,603.5
1993-09-17,608.75
1993-09-20,585.75
1993-09-21,585.75
1993-09-22,586.5
1993-09-23,587.5
1993-09-24,588.25
1993-09-27,589.0
1993-09-28,586.0
1993-09-29,585.5
1993-09-30,585.5
1993-10-01,585.5
1993-10-04,581.75
1993-10-05,582.75
1993-10-06,582.75
1993-10-07,582.75
1993-10-08,584.25
1993-10-11,586.5
1993-10-12,586.75
1993-10-13,588.25
1993-10-14,588.25
1993-10-15,586.75
1993-10-18,590.5
1993-10-19,591.75
1993-10-20,591.0
1993-10-21,590.25
1993-10-22,586.5
1993-10-25,589.75
1993-10-26,589.75
1993-10-27,590.0
1993-10-28,587.75
1993-10-29,589.75
1993-11-01,590.0
1993-11-02,592.0
1993-11-03,591.5
1993-11-04,593.5
1993-11-05,594.0
1993-11-08,593.0
1993-11-09,592.75
1993-11-10,603.0
1993-11-11,598.5
1993-11-12,596.0
1993-11-15,596.0
1993-11-16,594.75
1993-11-17,593.75
1993-11-18,595.0
1993-11-19,595.25
1993-11-22,595.5
1993-11-23,594.5
1993-11-24,595.75
1993-11-25,
1993-11-26,596.75
1993-11-29,596.75
1993-11-30,595.5
1993-12-01,597.75
1993-12-02,600.25
1993-12-03,598.75
1993-12-06,599.25
1993-12-07,601.0
1993-12-08,602.25
1993-12-09,602.5
1993-12-10,602.5
1993-12-13,600.25
1993-12-14,600.75
1993-12-15,601.75
1993-12-16,601.75
1993-12-17,603.0
1993-12-20,604.5
1993-12-21,605.5
1993-12-22,605.5
1993-12-23,605.0
1993-12-24,
1993-12-27,605.75
1993-12-28,606.5
1993-12-29,607.0
1993-12-30,607.0
1993-12-31,
1994-01-03,607.5
1994-01-04,606.75
1994-01-05,607.75
1994-01-06,608.5
1994-01-07,608.0
1994-01-10,605.75
1994-01-11,607.0
1994-01-12,604.5
1994-01-13,608.25
1994-01-14,609.5
1994-01-17,609.75
1994-01-18,607.75
1994-01-19,605.0
1994-01-20,603.5
1994-01-21,605.75
1994-01-24,606.75
1994-01-25,606.75
1994-01-26,606.25
1994-01-27,605.5
1994-01-28,602.0
1994-01-31,601.25
1994-02-01,600.5
1994-02-02,601.5
1994-02-03,601.75
1994-02-04,601.25
1994-02-07,602.75
1994-02-08,605.25
1994-02-09,608.0
1994-02-10,608.0
1994-02-11,609.0
1994-02-14,609.75
1994-02-15,607.5
1994-02-16,609.5
1994-02-17,605.0
1994-02-18,605.0
1994-02-21,
1994-02-22,605.5
1994-02-23,606.0
1994-02-24,605.25
1994-02-25,605.0
1994-02-28,604.5
1994-03-01,606.0
1994-03-02,605.5
1994-03-03,602.75
1994-03-04,601.0
1994-03-07,601.75
1994-03-08,599.5
1994-03-09,597.5
1994-03-10,596.75
1994-03-11,597.25
1994-03-14,603.0
1994-03-15,601.75
1994-03-16,602.0
1994-03-17,602.75
1994-03-18,602.25
1994-03-21,600.5
1994-03-22,598.75
1994-03-23,598.75
1994-03-24,598.75
1994-03-25,597.25
1994-03-28,599.0
1994-03-29,597.5
1994-03-30,597.25
1994-03-31,593.25
1994-04-01,
1994-04-04,594.0
1994-04-05,597.5
1994-04-06,598.0
1994-04-07,594.5
1994-04-08,594.5
1994-04-11,592.75
1994-04-12,594.5
1994-04-13,594.75
1994-04-14,590.5
1994-04-15,592.0
1994-04-18,586.5
1994-04-19,586.0
1994-04-20,589.0
1994-04-21,591.0
1994-04-22,587.5
1994-04-25,589.5
1994-04-26,589.5
1994-04-27,
1994-04-28,593.25
1994-04-29,595.5
1994-05-02,592.75
1994-05-03,584.5
1994-05-04,586.0
1994-05-05,579.5
1994-05-06,581.0
1994-05-09,578.25
1994-05-10,580.5
1994-05-11,581.25
1994-05-12,584.75
1994-05-13,584.0
1994-05-16,591.5
1994-05-17,592.0
1994-05-18,594.25
1994-05-19,593.75
1994-05-20,595.75
1994-05-23,604.75
1994-05-24,596.0
1994-05-25,592.0
1994-05-26,589.5
1994-05-27,591.5
1994-05-30,
1994-05-31,603.5
1994-06-01,605.75
1994-06-02,607.5
1994-06-03,599.25
1994-06-06,590.25
1994-06-07,591.0
1994-06-08,594.75
1994-06-09,595.25
1994-06-10,599.25
1994-06-13,601.5
1994-06-14,602.25
1994-06-15,608.5
1994-06-16,607.75
1994-06-17,612.25
1994-06-20,600.25
1994-06-21,591.25
1994-06-22,581.75
1994-06-23,580.25
1994-06-24,582.25
1994-06-27,575.0
1994-06-28,586.75
1994-06-29,577.0
1994-06-30,579.25
1994-07-01,576.75
1994-07-04,
1994-07-05,565.0
1994-07-06,566.0
1994-07-07,563.5
1994-07-08,565.0
1994-07-11,564.25
1994-07-12,562.5
1994-07-13,563.5
1994-07-14,562.25
1994-07-15,560.5
1994-07-18,562.0
1994-07-19,558.75
1994-07-20,557.5
1994-07-21,555.25
1994-07-22,555.0
1994-07-25,556.75
1994-07-26,558.5
1994-07-27,556.5
1994-07-28,556.5
1994-07-29,559.25
1994-08-01,559.0
1994-08-02,559.0
1994-08-03,557.0
1994-08-04,556.25
1994-08-05,557.0
1994-08-08,560.0
1994-08-09,559.0
1994-08-10,560.5
1994-08-11,560.75
1994-08-12,558.0
1994-08-15,557.25
1994-08-16,558.5
1994-08-17,561.0
1994-08-18,560.25
1994-08-19,561.0
1994-08-22,561.0
1994-08-23,559.5
1994-08-24,561.75
1994-08-25,561.0
1994-08-26,560.0
1994-08-29,558.25
1994-08-30,559.0
1994-08-31,560.0
1994-09-01,560.5
1994-09-02,561.0
1994-09-05,
1994-09-06,564.0
1994-09-07,565.0
1994-09-08,563.0
1994-09-09,561.25
1994-09-12,564.0
1994-09-13,563.0
1994-09-14,559.5
1994-09-15,555.5
1994-09-16,555.0
1994-09-19,
1994-09-20,612.25
1994-09-21,613.0
1994-09-22,613.0
1994-09-23,612.5
1994-09-26,612.25
1994-09-27,611.5
1994-09-28,611.0
1994-09-29,611.0
1994-09-30,612.0
1994-10-03,614.75
1994-10-04,615.75
1994-10-05,616.0
1994-10-06,614.5
1994-10-07,613.0
1994-10-10,612.5
1994-10-11,613.75
1994-10-12,615.0
1994-10-13,615.0
1994-10-14,616.25
1994-10-17,615.5
1994-10-18,615.25
1994-10-19,615.25
1994-10-20,617.75
1994-10-21,617.25
1994-10-24,618.0
1994-10-25,617.0
1994-10-26,617.0
1994-10-27,619.25
1994-10-28,617.25
1994-10-31,616.75
1994-11-01,616.0
1994-11-02,615.75
1994-11-03,615.25
1994-11-04,615.5
1994-11-07,616.5
1994-11-08,617.5
1994-11-09,619.0
1994-11-10,619.5
1994-11-11,617.25
1994-11-14,616.5
1994-11-15,615.5
1994-11-16,614.0
1994-11-17,615.0
1994-11-18,614.0
1994-11-21,614.5
1994-11-22,612.5
1994-11-23,609.75
1994-11-24,
1994-11-25,611.25
1994-11-28,611.5
1994-11-29,610.75
1994-11-30,611.0
1994-12-01,610.75
1994-12-02,612.5
1994-12-05,614.5
1994-12-06,613.5
1994-12-07,615.75
1994-12-08,615.75
1994-12-09,616.0
1994-12-12,616.0
1994-12-13,614.75
1994-12-14,612.25
1994-12-15,612.5
1994-12-16,614.0
1994-12-19,612.75
1994-12-20,614.0
1994-12-21,615.25
1994-12-22,615.25
1994-12-23,617.0
1994-12-26,
1994-12-27,617.25
1994-12-28,617.25
1994-12-29,615.75
1994-12-30,615.25
1995-01-02,
1995-01-03,614.25
1995-01-04,615.25
1995-01-05,617.25
1995-01-06,618.5
1995-01-09,618.5
1995-01-10,618.25
1995-01-11,618.25
1995-01-12,619.5
1995-01-13,618.0
1995-01-16,618.0
1995-01-17,618.5
1995-01-18,618.25
1995-01-19,618.0
1995-01-20,616.75
1995-01-23,618.25
1995-01-24,618.25
1995-01-25,619.5
1995-01-26,620.0
1995-01-27,619.5
1995-01-30,619.25
1995-01-31,619.25
1995-02-01,620.25
1995-02-02,620.75
1995-02-03,620.5
1995-02-06,623.5
1995-02-07,622.0
1995-02-08,622.25
1995-02-09,622.25
1995-02-10,622.75
1995-02-13,622.75
1995-02-14,624.5
1995-02-15,624.25
1995-02-16,624.0
1995-02-17,623.5
1995-02-20,
1995-02-21,622.5
1995-02-22,624.25
1995-02-23,625.5
1995-02-24,624.5
1995-02-27,624.5
1995-02-28,624.0
1995-03-01,624.0
1995-03-02,623.5
1995-03-03,621.0
1995-03-06,623.5
1995-03-07,624.5
1995-03-08,625.5
1995-03-09,625.5
1995-03-10,625.5
1995-03-13,627.5
1995-03-14,627.25
1995-03-15,628.5
1995-03-16,628.25
1995-03-17,628.75
1995-03-20,627.5
1995-03-21,625.25
1995-03-22,625.0
1995-03-23,626.5
1995-03-24,626.0
1995-03-27,627.75
1995-03-28,628.5
1995-03-29,626.75
1995-03-30,626.75
1995-03-31,628.0
1995-04-03,631.0
1995-04-04,631.5
1995-04-05,631.0
1995-04-06,631.0
1995-04-07,631.0
1995-04-10,631.75
1995-04-11,632.5
1995-04-12,630.0
1995-04-13,627.25
1995-04-14,
1995-04-17,625.75
1995-04-18,625.0
1995-04-19,625.0
1995-04-20,627.0
1995-04-21,627.25
1995-04-24,628.0
1995-04-25,630.0
1995-04-26,630.0
1995-04-27,628.5
1995-04-28,628.75
1995-05-01,632.75
1995-05-02,633.75
1995-05-03,631.25
1995-05-04,631.75
1995-05-05,629.25
1995-05-08,632.0
1995-05-09,632.0
1995-05-10,633.0
1995-05-11,633.0
1995-05-12,633.0
1995-05-15,628.75
1995-05-16,631.75
1995-05-17,634.75
1995-05-18,636.0
1995-05-19,633.5
1995-05-22,637.5
1995-05-23,643.5
1995-05-24,643.25
1995-05-25,642.75
1995-05-26,646.75
1995-05-29,
1995-05-30,641.75
1995-05-31,641.75
1995-06-01,646.0
1995-06-02,649.5
1995-06-05,646.5
1995-06-06,645.25
1995-06-07,644.0
1995-06-08,649.0
1995-06-09,647.0
1995-06-12,646.75
1995-06-13,649.5
1995-06-14,654.0
1995-06-15,653.25
1995-06-16,651.25
1995-06-19,658.5
1995-06-20,657.0
1995-06-21,657.75
1995-06-22,655.0
1995-06-23,653.75
1995-06-26,641.75
1995-06-27,637.0
1995-06-28,643.25
1995-06-29,640.5
1995-06-30,646.75
1995-07-03,651.25
1995-07-04,
1995-07-05,652.75
1995-07-06,651.75
1995-07-07,650.0
1995-07-10,649.25
1995-07-11,650.5
1995-07-12,654.5
1995-07-13,654.0
1995-07-14,654.75
1995-07-17,662.75
1995-07-18,662.5
1995-07-19,657.5
1995-07-20,656.0
1995-07-21,660.5
1995-07-24,658.5
1995-07-25,660.75
1995-07-26,659.5
1995-07-27,656.0
1995-07-28,654.25
1995-07-31,647.5
1995-08-01,648.5
1995-08-02,644.5
1995-08-03,644.75
1995-08-04,641.5
1995-08-07,639.5
1995-08-08,644.75
1995-08-09,645.0
1995-08-10,643.25
1995-08-11,645.5
1995-08-14,647.5
1995-08-15,646.5
1995-08-16,645.75
1995-08-17,645.5
1995-08-18,645.75
1995-08-21,651.0
1995-08-22,650.75
1995-08-23,649.0
1995-08-24,651.0
1995-08-25,654.0
1995-08-28,657.75
1995-08-29,655.75
1995-08-30,656.5
1995-08-31,660.0
1995-09-01,660.5
1995-09-04,
1995-09-05,659.25
1995-09-06,657.25
1995-09-07,659.5
1995-09-08,659.75
1995-09-11,659.0
1995-09-12,664.75
1995-09-13,665.75
1995-09-14,666.0
1995-09-15,670.0
1995-09-18,
1995-09-19,657.75
1995-09-20,655.5
1995-09-21,655.75
1995-09-22,654.5
1995-09-25,653.5
1995-09-26,653.0
1995-09-27,652.75
1995-09-28,652.75
1995-09-29,654.5
1995-10-02,655.75
1995-10-03,656.0
1995-10-04,655.0
1995-10-05,655.25
1995-10-06,655.75
1995-10-09,655.5
1995-10-10,657.5
1995-10-11,658.25
1995-10-12,656.5
1995-10-13,658.0
1995-10-16,658.25
1995-10-17,657.75
1995-10-18,657.5
1995-10-19,658.5
1995-10-20,657.25
1995-10-23,657.25
1995-10-24,657.75
1995-10-25,658.5
1995-10-26,659.25
1995-10-27,657.75
1995-10-30,658.0
1995-10-31,658.25
1995-11-01,659.5
1995-11-02,661.25
1995-11-03,659.75
1995-11-06,661.5
1995-11-07,661.75
1995-11-08,661.0
1995-11-09,660.25
1995-11-10,660.5
1995-11-13,659.75
1995-11-14,657.0
1995-11-15,656.5
1995-11-16,657.75
1995-11-17,658.5
1995-11-20,658.5
1995-11-21,658.5
1995-11-22,658.25
1995-11-23,
1995-11-24,658.25
1995-11-27,656.75
1995-11-28,656.0
1995-11-29,658.25
1995-11-30,658.5
1995-12-01,659.0
1995-12-04,660.5
1995-12-05,662.75
1995-12-06,662.75
1995-12-07,663.0
1995-12-08,665.25
1995-12-11,667.0
1995-12-12,667.5
1995-12-13,668.5
1995-12-14,668.75
1995-12-15,668.75
1995-12-18,672.5
1995-12-19,674.25
1995-12-20,671.0
1995-12-21,670.0
1995-12-22,674.5
1995-12-25,
1995-12-26,675.5
1995-12-27,672.75
1995-12-28,671.5
1995-12-29,674.0
1996-01-01,
1996-01-02,676.5
1996-01-03,677.0
1996-01-04,677.75
1996-01-05,677.0
1996-01-08,672.75
1996-01-09,675.0
1996-01-10,671.25
1996-01-11,666.5
1996-01-12,670.25
1996-01-15,672.75
1996-01-16,665.5
1996-01-17,664.75
1996-01-18,669.25
1996-01-19,673.75
1996-01-22,669.5
1996-01-23,670.5
1996-01-24,669.0
1996-01-25,668.0
1996-01-26,670.75
1996-01-29,675.25
1996-01-30,678.0
1996-01-31,677.75
1996-02-01,678.0
1996-02-02,680.0
1996-02-05,678.0
1996-02-06,679.75
1996-02-07,680.5
1996-02-08,680.75
1996-02-09,683.0
1996-02-12,684.25
1996-02-13,684.0
1996-02-14,686.5
1996-02-15,687.75
1996-02-16,691.0
1996-02-19,
1996-02-20,691.75
1996-02-21,692.75
1996-02-22,693.25
1996-02-23,696.5
1996-02-26,697.75
1996-02-27,697.5
1996-02-28,697.0
1996-02-29,694.5
1996-03-01,691.0
1996-03-04,689.0
1996-03-05,690.25
1996-03-06,692.0
1996-03-07,696.0
1996-03-08,696.75
1996-03-11,698.5
1996-03-12,696.75
1996-03-13,695.5
1996-03-14,696.75
1996-03-15,692.5
1996-03-18,693.5
1996-03-19,691.0
1996-03-20,693.0
1996-03-21,691.75
1996-03-22,692.5
1996-03-25,693.25
1996-03-26,696.25
1996-03-27,696.0
1996-03-28,695.0
1996-03-29,700.75
1996-04-01,702.75
1996-04-02,703.25
1996-04-03,708.0
1996-04-04,713.0
1996-04-05,
1996-04-08,721.5
1996-04-09,718.75
1996-04-10,726.0
1996-04-11,719.0
1996-04-12,718.25
1996-04-15,710.5
1996-04-16,701.75
1996-04-17,705.25
1996-04-18,713.75
1996-04-19,708.5
1996-04-22,713.25
1996-04-23,713.25
1996-04-24,712.25
1996-04-25,714.75
1996-04-26,708.25
1996-04-29,703.0
1996-04-30,706.75
1996-05-01,716.0
1996-05-02,705.75
1996-05-03,712.5
1996-05-06,718.25
1996-05-07,714.5
1996-05-08,720.0
1996-05-09,719.75
1996-05-10,724.25
1996-05-13,732.25
1996-05-14,732.75
1996-05-15,737.5
1996-05-16,745.5
1996-05-17,740.75
1996-05-20,728.75
1996-05-21,721.25
1996-05-22,722.5
1996-05-23,734.0
1996-05-24,737.75
1996-05-27,
1996-05-28,742.75
1996-05-29,730.75
1996-05-30,726.75
1996-05-31,733.0
1996-06-03,721.0
1996-06-04,724.0
1996-06-05,720.0
1996-06-06,727.5
1996-06-07,732.0
1996-06-10,744.0
1996-06-11,738.25
1996-06-12,734.25
1996-06-13,731.0
1996-06-14,727.5
1996-06-17,724.75
1996-06-18,735.5
1996-06-19,727.75
1996-06-20,730.75
1996-06-21,736.75
1996-06-24,736.0
1996-06-25,736.25
1996-06-26,733.5
1996-06-27,731.75
1996-06-28,740.5
1996-07-01,750.25
1996-07-02,742.25
1996-07-03,744.25
1996-07-04,
1996-07-05,732.75
1996-07-08,729.25
1996-07-09,737.5
1996-07-10,738.5
1996-07-11,750.5
1996-07-12,762.75
1996-07-15,758.5
1996-07-16,746.5
1996-07-17,734.25
1996-07-18,724.5
1996-07-19,717.0
1996-07-22,708.0
1996-07-23,710.5
1996-07-24,703.5
1996-07-25,698.25
1996-07-26,696.0
1996-07-29,703.25
1996-07-30,699.0
1996-07-31,699.0
1996-08-01,708.0
1996-08-02,703.5
1996-08-05,697.5
1996-08-06,698.75
1996-08-07,700.25
1996-08-08,707.5
1996-08-09,708.75
1996-08-12,720.75
1996-08-13,728.25
1996-08-14,728.25
1996-08-15,728.5
1996-08-16,722.25
1996-08-19,720.5
1996-08-20,717.0
1996-08-21,717.0
1996-08-22,717.75
1996-08-23,718.75
1996-08-26,727.0
1996-08-27,728.0
1996-08-28,722.0
1996-08-29,723.75
1996-08-30,723.0
1996-09-02,
1996-09-03,720.75
1996-09-04,712.75
1996-09-05,714.0
1996-09-06,711.75
1996-09-09,710.0
1996-09-10,713.5
1996-09-11,706.0
1996-09-12,709.25
1996-09-13,700.75
1996-09-16,693.75
1996-09-17,693.75
1996-09-18,672.75
1996-09-19,670.5
1996-09-20,672.5
1996-09-23,670.5
1996-09-24,668.75
1996-09-25,670.0
1996-09-26,667.0
1996-09-27,664.5
1996-09-30,660.25
1996-10-01,659.75
1996-10-02,659.25
1996-10-03,660.0
1996-10-04,657.5
1996-10-07,658.25
1996-10-08,661.5
1996-10-09,661.5
1996-10-10,657.0
1996-10-11,653.25
1996-10-14,655.0
1996-10-15,656.75
1996-10-16,654.75
1996-10-17,654.25
1996-10-18,651.25
1996-10-21,649.0
1996-10-22,649.5
1996-10-23,653.25
1996-10-24,649.5
1996-10-25,648.25
1996-10-28,651.5
1996-10-29,652.0
1996-10-30,652.25
1996-10-31,649.25
1996-11-01,646.5
1996-11-04,644.25
1996-11-05,640.25
1996-11-06,640.5
1996-11-07,642.0
1996-11-08,641.75
1996-11-11,641.5
1996-11-12,641.25
1996-11-13,643.5
1996-11-14,643.5
1996-11-15,641.25
1996-11-18,642.0
1996-11-19,640.5
1996-11-20,643.0
1996-11-21,644.5
1996-11-22,643.75
1996-11-25,644.0
1996-11-26,642.5
1996-11-27,642.0
1996-11-28,
1996-11-29,639.5
1996-12-02,634.75
1996-12-03,635.5
1996-12-04,634.25
1996-12-05,635.5
1996-12-06,635.25
1996-12-09,631.75
1996-12-10,629.5
1996-12-11,631.0
1996-12-12,632.75
1996-12-13,631.0
1996-12-16,631.25
1996-12-17,633.25
1996-12-18,632.5
1996-12-19,632.5
1996-12-20,632.0
1996-12-23,630.75
1996-12-24,632.0
1996-12-25,
1996-12-26,632.0
1996-12-27,631.25
1996-12-30,628.5
1996-12-31,628.5
1997-01-01,
1997-01-02,628.5
1997-01-03,628.25
1997-01-06,630.0
1997-01-07,630.0
1997-01-08,629.0
1997-01-09,628.5
1997-01-10,633.0
1997-01-13,633.25
1997-01-14,636.25
1997-01-15,639.5
1997-01-16,640.5
1997-01-17,639.75
1997-01-20,637.0
1997-01-21,636.25
1997-01-22,637.0
1997-01-23,637.5
1997-01-24,638.5
1997-01-27,638.5
1997-01-28,639.0
1997-01-29,638.0
1997-01-30,635.75
1997-01-31,635.0
1997-02-03,634.0
1997-02-04,636.25
1997-02-05,638.5
1997-02-06,636.75
1997-02-07,638.0
1997-02-10,638.0
1997-02-11,638.75
1997-02-12,639.5
1997-02-13,639.0
1997-02-14,638.75
1997-02-17,
1997-02-18,645.5
1997-02-19,646.75
1997-02-20,651.5
1997-02-21,653.5
1997-02-24,650.25
1997-02-25,653.0
1997-02-26,648.5
1997-02-27,651.25
1997-02-28,652.25
1997-03-03,659.0
1997-03-04,657.5
1997-03-05,653.0
1997-03-06,660.25
1997-03-07,658.75
1997-03-10,662.25
1997-03-11,658.5
1997-03-12,651.5
1997-03-13,657.75
1997-03-14,662.75
1997-03-17,662.75
1997-03-18,659.25
1997-03-19,663.75
1997-03-20,665.5
1997-03-21,663.5
1997-03-24,663.25
1997-03-25,665.5
1997-03-26,665.5
1997-03-27,667.25
1997-03-28,
1997-03-31,662.25
1997-04-01,662.5
1997-04-02,662.5
1997-04-03,656.75
1997-04-04,654.0
1997-04-07,660.5
1997-04-08,660.5
1997-04-09,659.75
1997-04-10,663.0
1997-04-11,658.5
1997-04-14,660.5
1997-04-15,658.0
1997-04-16,652.75
1997-04-17,653.5
1997-04-18,654.25
1997-04-21,655.75
1997-04-22,656.0
1997-04-23,653.0
1997-04-24,649.25
1997-04-25,649.25
1997-04-28,645.25
1997-04-29,645.5
1997-04-30,646.25
1997-05-01,648.0
1997-05-02,646.25
1997-05-05,643.25
1997-05-06,638.5
1997-05-07,639.75
1997-05-08,639.5
1997-05-09,642.5
1997-05-12,638.0
1997-05-13,637.5
1997-05-14,636.5
1997-05-15,636.0
1997-05-16,637.0
1997-05-19,636.25
1997-05-20,631.0
1997-05-21,632.75
1997-05-22,631.5
1997-05-23,627.25
1997-05-26,
1997-05-27,622.75
1997-05-28,626.0
1997-05-29,624.0
1997-05-30,624.75
1997-06-02,629.0
1997-06-03,630.5
1997-06-04,625.5
1997-06-05,628.5
1997-06-06,630.0
1997-06-09,628.75
1997-06-10,626.25
1997-06-11,626.25
1997-06-12,625.0
1997-06-13,624.75
1997-06-16,619.0
1997-06-17,619.5
1997-06-18,616.0
1997-06-19,614.25
1997-06-20,615.25
1997-06-23,614.0
1997-06-24,616.5
1997-06-25,611.5
1997-06-26,609.25
1997-06-27,606.25
1997-06-30,609.0
1997-07-01,603.5
1997-07-02,605.5
1997-07-03,604.0
1997-07-04,
1997-07-07,600.0
1997-07-08,600.5
1997-07-09,608.0
1997-07-10,605.25
1997-07-11,607.75
1997-07-14,619.75
1997-07-15,627.25
1997-07-16,621.5
1997-07-17,619.25
1997-07-18,624.75
1997-07-21,617.5
1997-07-22,619.25
1997-07-23,618.5
1997-07-24,614.75
1997-07-25,614.0
1997-07-28,622.75
1997-07-29,631.0
1997-07-30,634.25
1997-07-31,638.5
1997-08-01,639.75
1997-08-04,635.75
1997-08-05,628.0
1997-08-06,632.25
1997-08-07,623.75
1997-08-08,627.75
1997-08-11,624.0
1997-08-12,636.0
1997-08-13,637.25
1997-08-14,638.75
1997-08-15,633.25
1997-08-18,634.25
1997-08-19,638.0
1997-08-20,636.75
1997-08-21,648.5
1997-08-22,648.25
1997-08-25,647.0
1997-08-26,638.5
1997-08-27,642.75
1997-08-28,640.0
1997-08-29,640.0
1997-09-01,
1997-09-02,643.0
1997-09-03,642.5
1997-09-04,640.5
1997-09-05,635.0
1997-09-08,633.75
1997-09-09,635.5
1997-09-10,638.5
1997-09-11,643.25
1997-09-12,635.0
1997-09-15,636.5
1997-09-16,634.25
1997-09-17,634.5
1997-09-18,601.0
1997-09-19,599.25
1997-09-22,600.5
1997-09-23,599.25
1997-09-24,598.5
1997-09-25,598.5
1997-09-26,597.75
1997-09-29,599.75
1997-09-30,599.75
1997-10-01,597.5
1997-10-02,597.75
1997-10-03,603.0
1997-10-06,606.5
1997-10-07,615.75
1997-10-08,617.25
1997-10-09,616.75
1997-10-10,619.25
1997-10-13,620.5
1997-10-14,617.5
1997-10-15,620.0
1997-10-16,617.5
1997-10-17,616.25
1997-10-20,618.75
1997-10-21,623.25
1997-10-22,628.0
1997-10-23,624.25
1997-10-24,623.75
1997-10-27,620.75
1997-10-28,618.5
1997-10-29,618.5
1997-10-30,619.0
1997-10-31,619.75
1997-11-03,622.0
1997-11-04,620.75
1997-11-05,620.75
1997-11-06,621.25
1997-11-07,623.25
1997-11-10,618.0
1997-11-11,618.0
1997-11-12,616.25
1997-11-13,613.5
1997-11-14,611.75
1997-11-17,615.5
1997-11-18,614.75
1997-11-19,614.0
1997-11-20,613.0
1997-11-21,615.0
1997-11-24,614.5
1997-11-25,611.5
1997-11-26,615.0
1997-11-27,
1997-11-28,615.0
1997-12-01,616.75
1997-12-02,615.75
1997-12-03,616.0
1997-12-04,612.25
1997-12-05,614.25
1997-12-08,616.75
1997-12-09,617.5
1997-12-10,618.25
1997-12-11,616.75
1997-12-12,612.75
1997-12-15,610.5
1997-12-16,610.0
1997-12-17,612.75
1997-12-18,609.25
1997-12-19,608.5
1997-12-22,608.25
1997-12-23,611.0
1997-12-24,612.75
1997-12-25,
1997-12-26,612.75
1997-12-29,613.25
1997-12-30,612.0
1997-12-31,609.75
1998-01-01,
1998-01-02,608.5
1998-01-05,610.0
1998-01-06,606.5
1998-01-07,605.5
1998-01-08,601.75
1998-01-09,602.5
1998-01-12,600.75
1998-01-13,607.75
1998-01-14,609.0
1998-01-15,612.25
1998-01-16,611.5
1998-01-19,
1998-01-20,612.25
1998-01-21,610.25
1998-01-22,613.0
1998-01-23,612.75
1998-01-26,614.75
1998-01-27,613.75
1998-01-28,614.5
1998-01-29,614.0
1998-01-30,612.25
1998-02-02,614.75
1998-02-03,615.0
1998-02-04,615.5
1998-02-05,614.5
1998-02-06,612.0
1998-02-09,615.5
1998-02-10,616.5
1998-02-11,614.5
1998-02-12,616.5
1998-02-13,616.5
1998-02-16,
1998-02-17,613.5
1998-02-18,612.25
1998-02-19,610.25
1998-02-20,609.0
1998-02-23,609.75
1998-02-24,607.75
1998-02-25,609.0
1998-02-26,608.0
1998-02-27,608.25
1998-03-02,613.0
1998-03-03,612.75
1998-03-04,613.0
1998-03-05,612.0
1998-03-06,614.75
1998-03-09,616.5
1998-03-10,617.25
1998-03-11,617.25
1998-03-12,618.25
1998-03-13,613.25
1998-03-16,610.0
1998-03-17,610.0
1998-03-18,610.75
1998-03-19,607.75
1998-03-20,604.25
1998-03-23,606.0
1998-03-24,603.75
1998-03-25,604.0
1998-03-26,601.0
1998-03-27,601.75
1998-03-30,607.5
1998-03-31,603.5
1998-04-01,599.75
1998-04-02,603.25
1998-04-03,601.25
1998-04-06,596.5
1998-04-07,595.5
1998-04-08,596.5
1998-04-09,600.0
1998-04-10,
1998-04-13,594.75
1998-04-14,594.5
1998-04-15,600.0
1998-04-16,599.25
1998-04-17,599.0
1998-04-20,596.75
1998-04-21,601.0
1998-04-22,595.25
1998-04-23,596.5
1998-04-24,599.25
1998-04-27,593.75
1998-04-28,596.25
1998-04-29,594.5
1998-04-30,592.25
1998-05-01,591.0
1998-05-04,594.75
1998-05-05,598.5
1998-05-06,601.5
1998-05-07,601.25
1998-05-08,597.0
1998-05-11,588.5
1998-05-12,586.25
1998-05-13,589.5
1998-05-14,589.5
1998-05-15,588.0
1998-05-18,588.25
1998-05-19,586.5
1998-05-20,587.75
1998-05-21,587.25
1998-05-22,588.0
1998-05-25,
1998-05-26,581.0
1998-05-27,576.5
1998-05-28,576.5
1998-05-29,576.25
1998-06-01,575.0
1998-06-02,577.0
1998-06-03,574.5
1998-06-04,575.25
1998-06-05,571.75
1998-06-08,567.5
1998-06-09,568.75
1998-06-10,568.25
1998-06-11,568.5
1998-06-12,573.5
1998-06-15,570.5
1998-06-16,574.75
1998-06-17,582.0
1998-06-18,582.75
1998-06-19,591.5
1998-06-22,589.25
1998-06-23,596.5
1998-06-24,600.5
1998-06-25,596.0
1998-06-26,593.25
1998-06-29,581.25
1998-06-30,588.25
1998-07-01,581.25
1998-07-02,577.0
1998-07-03,
1998-07-06,572.5
1998-07-07,579.75
1998-07-08,582.75
1998-07-09,578.0
1998-07-10,569.25
1998-07-13,572.25
1998-07-14,565.5
1998-07-15,562.25
1998-07-16,564.25
1998-07-17,571.0
1998-07-20,565.0
1998-07-21,562.75
1998-07-22,561.0
1998-07-23,560.25
1998-07-24,558.0
1998-07-27,557.0
1998-07-28,555.25
1998-07-29,554.75
1998-07-30,555.5
1998-07-31,552.5
1998-08-03,549.25
1998-08-04,550.0
1998-08-05,549.25
1998-08-06,548.5
1998-08-07,549.75
1998-08-10,552.5
1998-08-11,551.5
1998-08-12,547.5
1998-08-13,545.25
1998-08-14,545.25
1998-08-17,547.25
1998-08-18,548.0
1998-08-19,548.5
1998-08-20,546.75
1998-08-21,544.25
1998-08-24,544.25
1998-08-25,542.25
1998-08-26,537.5
1998-08-27,535.25
1998-08-28,530.5
1998-08-31,528.25
1998-09-01,531.75
1998-09-02,533.25
1998-09-03,536.75
1998-09-04,536.75
1998-09-07,
1998-09-08,541.75
1998-09-09,539.5
1998-09-10,541.75
1998-09-11,536.5
1998-09-14,536.75
1998-09-15,539.0
1998-09-16,537.5
1998-09-17,535.75
1998-09-18,541.5
1998-09-21,540.75
1998-09-22,542.0
1998-09-23,540.5
1998-09-24,542.75
1998-09-25,544.5
1998-09-28,546.0
1998-09-29,544.75
1998-09-30,542.0
1998-10-01,539.0
1998-10-02,540.0
1998-10-05,544.25
1998-10-06,543.75
1998-10-07,548.75
1998-10-08,548.75
1998-10-09,553.5
1998-10-12,551.75
1998-10-13,557.5
1998-10-14,556.5
1998-10-15,555.5
1998-10-16,554.0
1998-10-19,552.5
1998-10-20,550.5
1998-10-21,550.75
1998-10-22,552.5
1998-10-23,550.75
1998-10-26,552.0
1998-10-27,550.75
1998-10-28,551.0
1998-10-29,551.0
1998-10-30,550.5
1998-11-02,547.75
1998-11-03,547.75
1998-11-04,546.25
1998-11-05,547.75
1998-11-06,547.75
1998-11-09,548.0
1998-11-10,551.75
1998-11-11,553.5
1998-11-12,551.75
1998-11-13,548.75
1998-11-16,548.75
1998-11-17,549.25
1998-11-18,551.0
1998-11-19,550.25
1998-11-20,549.0
1998-11-23,547.5
1998-11-24,547.25
1998-11-25,546.5
1998-11-26,
1998-11-27,547.5
1998-11-30,549.25
1998-12-01,547.5
1998-12-02,547.0
1998-12-03,545.75
1998-12-04,545.0
1998-12-07,544.5
1998-12-08,542.25
1998-12-09,541.75
1998-12-10,541.75
1998-12-11,541.75
1998-12-14,540.75
1998-12-15,541.25
1998-12-16,541.25
1998-12-17,540.5
1998-12-18,539.5
1998-12-21,539.25
1998-12-22,538.75
1998-12-23,538.75
1998-12-24,539.75
1998-12-25,
1998-12-28,538.5
1998-12-29,537.75
1998-12-30,534.25
1998-12-31,534.25
1999-01-01,
1999-01-04,535.0
1999-01-05,536.0
1999-01-06,542.25
1999-01-07,539.25
1999-01-08,540.75
1999-01-11,539.5
1999-01-12,535.5
1999-01-13,534.25
1999-01-14,533.25
1999-01-15,532.5
1999-01-18,
1999-01-19,530.75
1999-01-20,532.25
1999-01-21,533.25
1999-01-22,533.5
1999-01-25,533.5
1999-01-26,533.75
1999-01-27,533.0
1999-01-28,533.5
1999-01-29,532.5
1999-02-01,534.0
1999-02-02,535.0
1999-02-03,533.75
1999-02-04,534.0
1999-02-05,534.75
1999-02-08,535.5
1999-02-09,535.0
1999-02-10,538.25
1999-02-11,536.0
1999-02-12,535.0
1999-02-15,
1999-02-16,533.75
1999-02-17,533.5
1999-02-18,535.25
1999-02-19,534.75
1999-02-22,534.0
1999-02-23,534.5
1999-02-24,530.25
1999-02-25,529.25
1999-02-26,528.0
1999-03-01,528.25
1999-03-02,532.5
1999-03-03,531.5
1999-03-04,533.25
1999-03-05,533.0
1999-03-08,537.75
1999-03-09,536.75
1999-03-10,538.25
1999-03-11,539.25
1999-03-12,537.0
1999-03-15,535.5
1999-03-16,538.75
1999-03-17,540.25
1999-03-18,539.25
1999-03-19,542.5
1999-03-22,544.5
1999-03-23,541.5
1999-03-24,540.75
1999-03-25,542.5
1999-03-26,544.25
1999-03-29,544.0
1999-03-30,543.75
1999-03-31,538.0
1999-04-01,535.5
1999-04-02,
1999-04-05,533.5
1999-04-06,531.0
1999-04-07,532.75
1999-04-08,531.75
1999-04-09,533.25
1999-04-12,528.75
1999-04-13,529.75
1999-04-14,532.25
1999-04-15,534.75
1999-04-16,533.0
1999-04-19,535.25
1999-04-20,538.75
1999-04-21,537.5
1999-04-22,533.5
1999-04-23,534.25
1999-04-26,529.0
1999-04-27,526.5
1999-04-28,527.25
1999-04-29,525.25
1999-04-30,524.75
1999-05-03,526.5
1999-05-04,529.5
1999-05-05,527.5
1999-05-06,526.0
1999-05-07,525.25
1999-05-10,528.0
1999-05-11,528.75
1999-05-12,529.75
1999-05-13,530.25
1999-05-14,528.75
1999-05-17,530.5
1999-05-18,528.75
1999-05-19,527.25
1999-05-20,527.25
1999-05-21,526.5
1999-05-24,520.5
1999-05-25,523.0
1999-05-26,523.0
1999-05-27,524.75
1999-05-28,527.75
1999-05-31,
1999-06-01,524.5
1999-06-02,525.0
1999-06-03,530.75
1999-06-04,528.75
1999-06-07,530.75
1999-06-08,530.75
1999-06-09,529.0
1999-06-10,528.25
1999-06-11,525.25
1999-06-14,526.0
1999-06-15,521.5
1999-06-16,523.0
1999-06-17,523.0
1999-06-18,526.0
1999-06-21,524.25
1999-06-22,521.5
1999-06-23,522.25
1999-06-24,518.25
1999-06-25,517.75
1999-06-28,517.0
1999-06-29,519.0
1999-06-30,520.5
1999-07-01,512.5
1999-07-02,506.75
1999-07-05,
1999-07-06,499.0
1999-07-07,498.5
1999-07-08,493.75
1999-07-09,490.75
1999-07-12,491.0
1999-07-13,490.75
1999-07-14,495.25
1999-07-15,499.5
1999-07-16,493.0
1999-07-19,497.5
1999-07-20,501.25
1999-07-21,509.25
1999-07-22,509.5
1999-07-23,518.75
1999-07-26,510.75
1999-07-27,502.75
1999-07-28,501.25
1999-07-29,505.5
1999-07-30,508.75
1999-08-02,520.75
1999-08-03,525.0
1999-08-04,530.75
1999-08-05,529.25
1999-08-06,529.75
1999-08-09,530.25
1999-08-10,535.0
1999-08-11,529.5
1999-08-12,517.5
1999-08-13,517.0
1999-08-16,521.5
1999-08-17,523.75
1999-08-18,522.25
1999-08-19,520.5
1999-08-20,516.75
1999-08-23,514.25
1999-08-24,510.75
1999-08-25,514.0
1999-08-26,510.0
1999-08-27,509.5
1999-08-30,511.0
1999-08-31,513.5
1999-09-01,515.25
1999-09-02,516.25
1999-09-03,516.75
1999-09-06,
1999-09-07,519.5
1999-09-08,515.25
1999-09-09,513.25
1999-09-10,512.0
1999-09-13,510.25
1999-09-14,509.0
1999-09-15,506.5
1999-09-16,507.0
1999-09-17,504.5
1999-09-20,494.25
1999-09-21,495.25
1999-09-22,495.25
1999-09-23,492.5
1999-09-24,491.75
1999-09-27,495.75
1999-09-28,497.5
1999-09-29,496.25
1999-09-30,492.75
1999-10-01,490.5
1999-10-04,490.25
1999-10-05,490.0
1999-10-06,491.0
1999-10-07,490.0
1999-10-08,488.0
1999-10-11,488.25
1999-10-12,490.0
1999-10-13,488.75
1999-10-14,488.75
1999-10-15,487.5
1999-10-18,490.0
1999-10-19,488.5
1999-10-20,488.25
1999-10-21,487.75
1999-10-22,487.25
1999-10-25,489.5
1999-10-26,490.0
1999-10-27,488.75
1999-10-28,488.75
1999-10-29,488.0
1999-11-01,487.75
1999-11-02,487.75
1999-11-03,489.0
1999-11-04,489.0
1999-11-05,488.75
1999-11-08,490.0
1999-11-09,489.5
1999-11-10,486.0
1999-11-11,485.25
1999-11-12,484.25
1999-11-15,485.25
1999-11-16,486.25
1999-11-17,484.5
1999-11-18,484.25
1999-11-19,484.0
1999-11-22,486.5
1999-11-23,486.75
1999-11-24,486.25
1999-11-25,
1999-11-26,484.75
1999-11-29,483.0
1999-11-30,481.75
1999-12-01,483.5
1999-12-02,483.25
1999-12-03,482.25
1999-12-06,484.75
1999-12-07,483.75
1999-12-08,481.0
1999-12-09,477.75
1999-12-10,479.0
1999-12-13,476.75
1999-12-14,479.0
1999-12-15,478.5
1999-12-16,479.5
1999-12-17,480.75
1999-12-20,483.0
1999-12-21,481.75
1999-12-22,483.25
1999-12-23,484.25
1999-12-24,
1999-12-27,484.5
1999-12-28,484.5
1999-12-29,483.75
1999-12-30,484.5
1999-12-31,
2000-01-03,482.25
2000-01-04,483.25
2000-01-05,483.75
2000-01-06,484.75
2000-01-07,487.5
2000-01-10,489.25
2000-01-11,488.75
2000-01-12,496.0
2000-01-13,500.0
2000-01-14,499.5
2000-01-17,
2000-01-18,500.25
2000-01-19,502.0
2000-01-20,501.5
2000-01-21,503.25
2000-01-24,506.0
2000-01-25,506.5
2000-01-26,502.5
2000-01-27,505.25
2000-01-28,503.25
2000-01-31,499.25
2000-02-01,501.75
2000-02-02,501.25
2000-02-03,499.5
2000-02-04,501.75
2000-02-07,503.75
2000-02-08,503.5
2000-02-09,504.0
2000-02-10,506.25
2000-02-11,503.0
2000-02-14,503.75
2000-02-15,504.0
2000-02-16,505.0
2000-02-17,504.0
2000-02-18,503.25
2000-02-21,
2000-02-22,502.5
2000-02-23,497.5
2000-02-24,498.75
2000-02-25,496.0
2000-02-28,496.25
2000-02-29,500.5
2000-03-01,499.25
2000-03-02,499.5
2000-03-03,501.25
2000-03-06,503.75
2000-03-07,500.0
2000-03-08,501.0
2000-03-09,503.0
2000-03-10,502.75
2000-03-13,506.5
2000-03-14,512.5
2000-03-15,510.5
2000-03-16,509.25
2000-03-17,514.5
2000-03-20,510.0
2000-03-21,507.25
2000-03-22,509.5
2000-03-23,506.0
2000-03-24,508.0
2000-03-27,508.25
2000-03-28,502.0
2000-03-29,503.5
2000-03-30,508.75
2000-03-31,511.25
2000-04-03,510.25
2000-04-04,508.75
2000-04-05,508.75
2000-04-06,503.75
2000-04-07,505.5
2000-04-10,503.25
2000-04-11,500.0
2000-04-12,502.5
2000-04-13,504.5
2000-04-14,503.5
2000-04-17,501.5
2000-04-18,501.75
2000-04-19,505.25
2000-04-20,504.5
2000-04-21,
2000-04-24,505.25
2000-04-25,508.25
2000-04-26,505.25
2000-04-27,502.75
2000-04-28,500.75
2000-05-01,512.5
2000-05-02,513.5
2000-05-03,518.0
2000-05-04,517.0
2000-05-05,514.5
2000-05-08,508.25
2000-05-09,506.25
2000-05-10,511.5
2000-05-11,512.5
2000-05-12,514.25
2000-05-15,507.25
2000-05-16,503.75
2000-05-17,504.25
2000-05-18,507.0
2000-05-19,509.5
2000-05-22,510.5
2000-05-23,507.75
2000-05-24,504.0
2000-05-25,500.25
2000-05-26,503.0
2000-05-29,
2000-05-30,493.75
2000-05-31,494.75
2000-06-01,494.75
2000-06-02,499.25
2000-06-05,494.5
2000-06-06,495.5
2000-06-07,490.0
2000-06-08,489.25
2000-06-09,490.25
2000-06-12,479.25
2000-06-13,478.75
2000-06-14,474.0
2000-06-15,476.5
2000-06-16,478.25
2000-06-19,476.0
2000-06-20,473.25
2000-06-21,474.5
2000-06-22,474.0
2000-06-23,470.0
2000-06-26,465.5
2000-06-27,468.0
2000-06-28,463.75
2000-06-29,466.75
2000-06-30,458.25
2000-07-03,453.5
2000-07-04,
2000-07-05,454.75
2000-07-06,450.75
2000-07-07,453.25
2000-07-10,449.5
2000-07-11,447.5
2000-07-12,448.25
2000-07-13,448.5
2000-07-14,445.0
2000-07-17,442.0
2000-07-18,443.25
2000-07-19,444.25
2000-07-20,448.75
2000-07-21,450.5
2000-07-24,447.0
2000-07-25,445.5
2000-07-26,443.0
2000-07-27,443.5
2000-07-28,442.75
2000-07-31,443.0
2000-08-01,442.75
2000-08-02,443.5
2000-08-03,442.75
2000-08-04,441.5
2000-08-07,440.75
2000-08-08,442.5
2000-08-09,441.5
2000-08-10,440.25
2000-08-11,438.0
2000-08-14,438.75
2000-08-15,438.75
2000-08-16,441.75
2000-08-17,441.75
2000-08-18,440.5
2000-08-21,439.5
2000-08-22,438.75
2000-08-23,438.25
2000-08-24,439.0
2000-08-25,439.5
2000-08-28,442.5
2000-08-29,447.25
2000-08-30,444.5
2000-08-31,447.25
2000-09-01,445.0
2000-09-04,
2000-09-05,448.75
2000-09-06,444.5
2000-09-07,444.0
2000-09-08,446.25
2000-09-11,446.75
2000-09-12,444.75
2000-09-13,442.25
2000-09-14,440.5
2000-09-15,438.5
2000-09-18,
2000-09-19,451.25
2000-09-20,451.25
2000-09-21,453.75
2000-09-22,457.5
2000-09-25,456.25
2000-09-26,457.0
2000-09-27,456.75
2000-09-28,458.25
2000-09-29,460.25
2000-10-02,462.5
2000-10-03,465.75
2000-10-04,466.75
2000-10-05,466.0
2000-10-06,465.5
2000-10-09,464.0
2000-10-10,466.25
2000-10-11,466.75
2000-10-12,469.0
2000-10-13,468.75
2000-10-16,467.25
2000-10-17,468.25
2000-10-18,467.25
2000-10-19,467.0
2000-10-20,466.0
2000-10-23,464.75
2000-10-24,465.75
2000-10-25,465.25
2000-10-26,464.5
2000-10-27,463.5
2000-10-30,463.5
2000-10-31,468.25
2000-11-01,468.25
2000-11-02,473.75
2000-11-03,474.25
2000-11-06,475.5
2000-11-07,476.0
2000-11-08,477.0
2000-11-09,475.75
2000-11-10,473.25
2000-11-13,473.25
2000-11-14,471.5
2000-11-15,470.5
2000-11-16,472.25
2000-11-17,475.0
2000-11-20,474.25
2000-11-21,473.75
2000-11-22,472.75
2000-11-23,
2000-11-24,473.75
2000-11-27,473.5
2000-11-28,471.75
2000-11-29,469.75
2000-11-30,472.0
2000-12-01,472.75
2000-12-04,471.25
2000-12-05,471.75
2000-12-06,470.5
2000-12-07,467.75
2000-12-08,472.0
2000-12-11,471.0
2000-12-12,470.5
2000-12-13,471.25
2000-12-14,472.0
2000-12-15,471.75
2000-12-18,476.75
2000-12-19,478.25
2000-12-20,477.0
2000-12-21,477.75
2000-12-22,478.75
2000-12-25,
2000-12-26,478.25
2000-12-27,480.0
2000-12-28,480.75
2000-12-29,482.0
2001-01-01,
2001-01-02,478.5
2001-01-03,481.25
2001-01-04,481.25
2001-01-05,478.25
2001-01-08,478.25
2001-01-09,479.5
2001-01-10,481.75
2001-01-11,476.5
2001-01-12,474.5
2001-01-15,
2001-01-16,471.75
2001-01-17,472.5
2001-01-18,473.0
2001-01-19,469.75
2001-01-22,470.25
2001-01-23,469.0
2001-01-24,470.25
2001-01-25,468.5
2001-01-26,465.75
2001-01-29,464.5
2001-01-30,465.75
2001-01-31,464.75
2001-02-01,466.5
2001-02-02,469.0
2001-02-05,468.0
2001-02-06,469.0
2001-02-07,467.75
2001-02-08,465.5
2001-02-09,465.25
2001-02-12,464.75
2001-02-13,464.5
2001-02-14,467.0
2001-02-15,467.0
2001-02-16,466.75
2001-02-19,
2001-02-20,467.5
2001-02-21,465.5
2001-02-22,465.0
2001-02-23,464.25
2001-02-26,464.0
2001-02-27,465.75
2001-02-28,469.5
2001-03-01,471.25
2001-03-02,470.0
2001-03-05,469.75
2001-03-06,470.25
2001-03-07,467.5
2001-03-08,467.75
2001-03-09,467.25
2001-03-12,468.25
2001-03-13,467.5
2001-03-14,465.0
2001-03-15,458.0
2001-03-16,454.0
2001-03-19,455.75
2001-03-20,458.25
2001-03-21,456.5
2001-03-22,451.75
2001-03-23,453.75
2001-03-26,456.25
2001-03-27,457.5
2001-03-28,455.75
2001-03-29,453.5
2001-03-30,450.25
2001-04-02,455.0
2001-04-03,456.0
2001-04-04,458.5
2001-04-05,459.25
2001-04-06,457.5
2001-04-09,457.5
2001-04-10,456.0
2001-04-11,457.75
2001-04-12,458.5
2001-04-13,
2001-04-16,459.25
2001-04-17,456.0
2001-04-18,455.25
2001-04-19,450.0
2001-04-20,448.0
2001-04-23,442.75
2001-04-24,440.75
2001-04-25,442.0
2001-04-26,446.75
2001-04-27,443.25
2001-04-30,446.75
2001-05-01,447.0
2001-05-02,448.0
2001-05-03,447.25
2001-05-04,449.5
2001-05-07,447.25
2001-05-08,444.25
2001-05-09,444.25
2001-05-10,437.5
2001-05-11,436.25
2001-05-14,441.25
2001-05-15,440.75
2001-05-16,440.5
2001-05-17,440.5
2001-05-18,439.0
2001-05-21,432.75
2001-05-22,430.25
2001-05-23,431.5
2001-05-24,433.0
2001-05-25,430.5
2001-05-28,
2001-05-29,428.25
2001-05-30,429.25
2001-05-31,431.75
2001-06-01,438.0
2001-06-04,435.25
2001-06-05,434.5
2001-06-06,437.5
2001-06-07,437.25
2001-06-08,435.75
2001-06-11,437.5
2001-06-12,436.0
2001-06-13,435.5
2001-06-14,433.75
2001-06-15,429.5
2001-06-18,429.25
2001-06-19,431.5
2001-06-20,429.0
2001-06-21,426.5
2001-06-22,425.75
2001-06-25,423.25
2001-06-26,424.0
2001-06-27,426.75
2001-06-28,428.5
2001-06-29,428.5
2001-07-02,431.0
2001-07-03,434.0
2001-07-04,
2001-07-05,437.5
2001-07-06,438.75
2001-07-09,443.5
2001-07-10,448.75
2001-07-11,456.75
2001-07-12,466.25
2001-07-13,456.75
2001-07-16,448.75
2001-07-17,456.75
2001-07-18,448.75
2001-07-19,448.5
2001-07-20,440.75
2001-07-23,441.0
2001-07-24,446.75
2001-07-25,451.5
2001-07-26,449.75
2001-07-27,452.0
2001-07-30,448.25
2001-07-31,450.5
2001-08-01,447.0
2001-08-02,445.25
2001-08-03,442.25
2001-08-06,444.5
2001-08-07,448.0
2001-08-08,449.75
2001-08-09,451.75
2001-08-10,454.5
2001-08-13,457.25
2001-08-14,454.25
2001-08-15,452.0
2001-08-16,449.75
2001-08-17,448.5
2001-08-20,445.25
2001-08-21,448.0
2001-08-22,448.25
2001-08-23,452.0
2001-08-24,448.5
2001-08-27,451.25
2001-08-28,449.25
2001-08-29,451.5
2001-08-30,450.25
2001-08-31,452.5
2001-09-03,
2001-09-04,451.5
2001-09-05,450.0
2001-09-06,446.5
2001-09-07,446.0
2001-09-10,446.75
2001-09-11,
2001-09-12,
2001-09-13,449.75
2001-09-14,444.5
2001-09-17,442.0
2001-09-18,492.5
2001-09-19,491.25
2001-09-20,493.25
2001-09-21,491.25
2001-09-24,491.0
2001-09-25,490.25
2001-09-26,492.25
2001-09-27,492.25
2001-09-28,491.25
2001-10-01,488.5
2001-10-02,488.25
2001-10-03,489.5
2001-10-04,490.25
2001-10-05,492.75
2001-10-08,493.5
2001-10-09,491.75
2001-10-10,492.0
2001-10-11,492.0
2001-10-12,489.25
2001-10-15,485.5
2001-10-16,486.0
2001-10-17,487.0
2001-10-18,486.0
2001-10-19,487.25
2001-10-22,486.0
2001-10-23,486.5
2001-10-24,489.0
2001-10-25,489.0
2001-10-26,488.5
2001-10-29,486.5
2001-10-30,488.75
2001-10-31,488.75
2001-11-01,489.25
2001-11-02,487.5
2001-11-05,486.75
2001-11-06,486.5
2001-11-07,485.75
2001-11-08,485.75
2001-11-09,487.75
2001-11-12,487.75
2001-11-13,488.25
2001-11-14,489.25
2001-11-15,488.0
2001-11-16,488.25
2001-11-19,490.25
2001-11-20,490.25
2001-11-21,490.25
2001-11-22,
2001-11-23,490.0
2001-11-26,485.75
2001-11-27,485.75
2001-11-28,482.0
2001-11-29,484.0
2001-11-30,489.5
2001-12-03,487.0
2001-12-04,486.5
2001-12-05,485.5
2001-12-06,483.75
2001-12-07,484.75
2001-12-10,485.0
2001-12-11,485.0
2001-12-12,482.0
2001-12-13,482.0
2001-12-14,481.75
2001-12-17,479.75
2001-12-18,479.75
2001-12-19,479.75
2001-12-20,479.0
2001-12-21,477.5
2001-12-24,
2001-12-25,
2001-12-26,475.75
2001-12-27,476.25
2001-12-28,476.75
2001-12-31,477.0
2002-01-01,
2002-01-02,476.0
2002-01-03,476.5
2002-01-04,476.75
2002-01-07,478.75
2002-01-08,480.25
2002-01-09,480.25
2002-01-10,479.25
2002-01-11,481.5
2002-01-14,480.75
2002-01-15,482.5
2002-01-16,484.0
2002-01-17,482.0
2002-01-18,481.0
2002-01-21,
2002-01-22,479.0
2002-01-23,478.75
2002-01-24,479.0
2002-01-25,478.5
2002-01-28,477.5
2002-01-29,476.0
2002-01-30,476.0
2002-01-31,476.0
2002-02-01,474.75
2002-02-04,476.0
2002-02-05,476.0
2002-02-06,473.5
2002-02-07,473.5
2002-02-08,473.5
2002-02-11,473.25
2002-02-12,474.0
2002-02-13,477.0
2002-02-14,477.0
2002-02-15,475.0
2002-02-18,
2002-02-19,475.5
2002-02-20,477.0
2002-02-21,477.0
2002-02-22,475.5
2002-02-25,472.0
2002-02-26,469.5
2002-02-27,471.5
2002-02-28,472.0
2002-03-01,473.75
2002-03-04,472.25
2002-03-05,473.25
2002-03-06,472.25
2002-03-07,471.5
2002-03-08,471.75
2002-03-11,472.75
2002-03-12,473.25
2002-03-13,470.5
2002-03-14,470.75
2002-03-15,469.0
2002-03-18,469.5
2002-03-19,469.5
2002-03-20,469.0
2002-03-21,468.5
2002-03-22,467.75
2002-03-25,467.0
2002-03-26,467.75
2002-03-27,469.0
2002-03-28,466.25
2002-03-29,
2002-04-01,466.75
2002-04-02,467.0
2002-04-03,464.5
2002-04-04,464.5
2002-04-05,464.5
2002-04-08,465.25
2002-04-09,465.0
2002-04-10,463.5
2002-04-11,462.75
2002-04-12,461.25
2002-04-15,460.0
2002-04-16,461.5
2002-04-17,463.25
2002-04-18,461.5
2002-04-19,459.25
2002-04-22,460.75
2002-04-23,461.5
2002-04-24,460.75
2002-04-25,460.75
2002-04-26,461.75
2002-04-29,459.25
2002-04-30,459.5
2002-05-01,462.0
2002-05-02,459.25
2002-05-03,460.0
2002-05-06,459.75
2002-05-07,463.75
2002-05-08,463.5
2002-05-09,464.0
2002-05-10,464.25
2002-05-13,472.75
2002-05-14,473.0
2002-05-15,474.0
2002-05-16,470.75
2002-05-17,466.5
2002-05-20,468.75
2002-05-21,468.5
2002-05-22,466.0
2002-05-23,466.0
2002-05-24,463.5
2002-05-27,
2002-05-28,466.25
2002-05-29,470.25
2002-05-30,471.75
2002-05-31,472.25
2002-06-03,468.5
2002-06-04,469.25
2002-06-05,469.0
2002-06-06,467.25
2002-06-07,464.75
2002-06-10,465.25
2002-06-11,462.25
2002-06-12,465.25
2002-06-13,469.75
2002-06-14,467.75
2002-06-17,466.75
2002-06-18,465.0
2002-06-19,466.5
2002-06-20,468.5
2002-06-21,469.0
2002-06-24,477.75
2002-06-25,480.75
2002-06-26,482.0
2002-06-27,486.75
2002-06-28,485.75
2002-07-01,493.5
2002-07-02,488.25
2002-07-03,484.0
2002-07-04,
2002-07-05,488.75
2002-07-08,481.75
2002-07-09,484.75
2002-07-10,480.75
2002-07-11,476.0
2002-07-12,475.0
2002-07-15,479.5
2002-07-16,486.75
2002-07-17,483.75
2002-07-18,484.75
2002-07-19,487.0
2002-07-22,498.25
2002-07-23,493.5
2002-07-24,501.5
2002-07-25,496.5
2002-07-26,495.0
2002-07-29,482.5
2002-07-30,488.0
2002-07-31,498.75
2002-08-01,501.0
2002-08-02,505.25
2002-08-05,506.0
2002-08-06,504.25
2002-08-07,502.25
2002-08-08,499.5
2002-08-09,503.75
2002-08-12,514.5
2002-08-13,521.75
2002-08-14,527.0
2002-08-15,526.25
2002-08-16,524.75
2002-08-19,519.75
2002-08-20,513.0
2002-08-21,514.75
2002-08-22,513.75
2002-08-23,515.75
2002-08-26,517.0
2002-08-27,514.5
2002-08-28,512.5
2002-08-29,509.0
2002-08-30,510.25
2002-09-02,
2002-09-03,516.5
2002-09-04,520.75
2002-09-05,522.75
2002-09-06,525.5
2002-09-09,531.5
2002-09-10,529.75
2002-09-11,534.75
2002-09-12,525.5
2002-09-13,518.5
2002-09-16,520.25
2002-09-17,518.75
2002-09-18,483.0
2002-09-19,483.25
2002-09-20,477.75
2002-09-23,474.25
2002-09-24,476.25
2002-09-25,475.75
2002-09-26,476.5
2002-09-27,476.5
2002-09-30,472.0
2002-10-01,473.25
2002-10-02,472.0
2002-10-03,471.5
2002-10-04,473.25
2002-10-07,476.25
2002-10-08,478.0
2002-10-09,475.75
2002-10-10,472.0
2002-10-11,471.0
2002-10-14,471.25
2002-10-15,479.5
2002-10-16,474.5
2002-10-17,474.75
2002-10-18,473.75
2002-10-21,474.0
2002-10-22,473.0
2002-10-23,471.25
2002-10-24,471.5
2002-10-25,471.5
2002-10-28,472.0
2002-10-29,472.75
2002-10-30,473.5
2002-10-31,474.25
2002-11-01,472.5
2002-11-04,471.5
2002-11-05,471.0
2002-11-06,471.5
2002-11-07,470.75
2002-11-08,470.0
2002-11-11,469.75
2002-11-12,470.0
2002-11-13,471.25
2002-11-14,470.25
2002-11-15,469.25
2002-11-18,469.75
2002-11-19,470.25
2002-11-20,471.25
2002-11-21,470.75
2002-11-22,471.25
2002-11-25,470.25
2002-11-26,469.5
2002-11-27,469.5
2002-11-28,
2002-11-29,469.0
2002-12-02,468.75
2002-12-03,467.5
2002-12-04,471.0
2002-12-05,467.75
2002-12-06,467.0
2002-12-09,467.0
2002-12-10,467.25
2002-12-11,468.0
2002-12-12,467.5
2002-12-13,469.25
2002-12-16,467.75
2002-12-17,468.75
2002-12-18,470.25
2002-12-19,470.0
2002-12-20,469.5
2002-12-23,470.75
2002-12-24,
2002-12-25,
2002-12-26,471.25
2002-12-27,470.25
2002-12-30,469.5
2002-12-31,469.5
2003-01-01,
2003-01-02,470.5
2003-01-03,469.5
2003-01-06,470.25
2003-01-07,472.5
2003-01-08,474.75
2003-01-09,473.5
2003-01-10,469.75
2003-01-13,468.5
2003-01-14,467.25
2003-01-15,468.25
2003-01-16,467.25
2003-01-17,467.25
2003-01-20,
2003-01-21,468.0
2003-01-22,468.75
2003-01-23,469.75
2003-01-24,469.5
2003-01-27,469.5
2003-01-28,471.5
2003-01-29,469.25
2003-01-30,470.5
2003-01-31,472.75
2003-02-03,472.25
2003-02-04,473.0
2003-02-05,472.5
2003-02-06,473.75
2003-02-07,474.0
2003-02-10,475.0
2003-02-11,475.25
2003-02-12,472.75
2003-02-13,472.75
2003-02-14,473.5
2003-02-17,
2003-02-18,472.5
2003-02-19,469.75
2003-02-20,468.5
2003-02-21,466.75
2003-02-24,465.0
2003-02-25,467.25
2003-02-26,468.25
2003-02-27,467.0
2003-02-28,466.75
2003-03-03,467.5
2003-03-04,468.75
2003-03-05,470.0
2003-03-06,472.25
2003-03-07,471.75
2003-03-10,468.25
2003-03-11,466.5
2003-03-12,467.5
2003-03-13,467.75
2003-03-14,466.75
2003-03-17,463.0
2003-03-18,462.25
2003-03-19,463.0
2003-03-20,465.0
2003-03-21,463.0
2003-03-24,460.25
2003-03-25,460.0
2003-03-26,460.0
2003-03-27,461.0
2003-03-28,460.0
2003-03-31,468.75
2003-04-01,470.75
2003-04-02,471.0
2003-04-03,468.5
2003-04-04,468.5
2003-04-07,472.5
2003-04-08,472.25
2003-04-09,471.0
2003-04-10,468.25
2003-04-11,468.5
2003-04-14,466.75
2003-04-15,470.0
2003-04-16,467.5
2003-04-17,469.25
2003-04-18,
2003-04-21,467.0
2003-04-22,466.75
2003-04-23,466.25
2003-04-24,464.25
2003-04-25,462.75
2003-04-28,461.25
2003-04-29,461.75
2003-04-30,461.5
2003-05-01,462.0
2003-05-02,463.25
2003-05-05,468.0
2003-05-06,467.75
2003-05-07,470.75
2003-05-08,470.5
2003-05-09,478.25
2003-05-12,477.25
2003-05-13,476.75
2003-05-14,476.0
2003-05-15,480.25
2003-05-16,478.5
2003-05-19,473.25
2003-05-20,473.5
2003-05-21,473.75
2003-05-22,471.75
2003-05-23,471.75
2003-05-26,
2003-05-27,469.25
2003-05-28,469.25
2003-05-29,473.0
2003-05-30,472.25
2003-06-02,470.25
2003-06-03,468.5
2003-06-04,466.5
2003-06-05,465.25
2003-06-06,467.75
2003-06-09,465.25
2003-06-10,467.75
2003-06-11,472.0
2003-06-12,475.0
2003-06-13,470.5
2003-06-16,468.5
2003-06-17,468.75
2003-06-18,470.25
2003-06-19,470.5
2003-06-20,468.5
2003-06-23,465.25
2003-06-24,463.75
2003-06-25,464.0
2003-06-26,457.0
2003-06-27,458.75
2003-06-30,452.5
2003-07-01,454.25
2003-07-02,452.5
2003-07-03,451.0
2003-07-04,
2003-07-07,448.75
2003-07-08,452.75
2003-07-09,450.25
2003-07-10,445.75
2003-07-11,444.0
2003-07-14,443.5
2003-07-15,441.0
2003-07-16,440.5
2003-07-17,440.5
2003-07-18,439.75
2003-07-21,442.5
2003-07-22,442.25
2003-07-23,440.25
2003-07-24,440.25
2003-07-25,441.0
2003-07-28,444.0
2003-07-29,444.0
2003-07-30,442.5
2003-07-31,440.75
2003-08-01,442.75
2003-08-04,446.0
2003-08-05,445.75
2003-08-06,447.75
2003-08-07,449.0
2003-08-08,450.25
2003-08-11,447.0
2003-08-12,458.5
2003-08-13,458.25
2003-08-14,458.25
2003-08-15,458.25
2003-08-18,467.0
2003-08-19,461.25
2003-08-20,465.0
2003-08-21,461.25
2003-08-22,464.0
2003-08-25,464.25
2003-08-26,464.5
2003-08-27,465.75
2003-08-28,467.5
2003-08-29,470.5
2003-09-01,
2003-09-02,468.75
2003-09-03,473.0
2003-09-04,475.75
2003-09-05,471.75
2003-09-08,469.0
2003-09-09,471.5
2003-09-10,471.0
2003-09-11,461.75
2003-09-12,456.75
2003-09-15,455.75
2003-09-16,453.0
2003-09-17,452.5
2003-09-18,433.5
2003-09-19,434.25
2003-09-22,435.0
2003-09-23,433.0
2003-09-24,433.5
2003-09-25,434.0
2003-09-26,433.25
2003-09-29,434.0
2003-09-30,432.25
2003-10-01,431.5
2003-10-02,432.25
2003-10-03,433.5
2003-10-06,432.5
2003-10-07,434.5
2003-10-08,434.0
2003-10-09,434.0
2003-10-10,432.5
2003-10-13,432.25
2003-10-14,432.25
2003-10-15,431.5
2003-10-16,431.0
2003-10-17,430.0
2003-10-20,429.5
2003-10-21,429.75
2003-10-22,433.0
2003-10-23,443.75
2003-10-24,441.25
2003-10-27,441.5
2003-10-28,442.25
2003-10-29,444.0
2003-10-30,444.75
2003-10-31,444.25
2003-11-03,441.75
2003-11-04,436.5
2003-11-05,439.75
2003-11-06,438.5
2003-11-07,439.25
2003-11-10,438.0
2003-11-11,438.0
2003-11-12,440.5
2003-11-13,443.0
2003-11-14,443.0
2003-11-17,443.0
2003-11-18,440.75
2003-11-19,439.5
2003-11-20,440.0
2003-11-21,440.0
2003-11-24,438.5
2003-11-25,440.0
2003-11-26,441.0
2003-11-27,
2003-11-28,442.0
2003-12-01,442.25
2003-12-02,442.5
2003-12-03,444.5
2003-12-04,443.75
2003-12-05,442.75
2003-12-08,442.25
2003-12-09,443.75
2003-12-10,444.25
2003-12-11,444.0
2003-12-12,444.75
2003-12-15,444.75
2003-12-16,443.75
2003-12-17,443.75
2003-12-18,443.5
2003-12-19,443.75
2003-12-22,443.5
2003-12-23,443.0
2003-12-24,438.75
2003-12-25,
2003-12-26,442.25
2003-12-29,443.0
2003-12-30,441.75
2003-12-31,444.0
2004-01-01,
2004-01-02,448.75
2004-01-05,448.25
2004-01-06,448.75
2004-01-07,447.25
2004-01-08,448.5
2004-01-09,448.0
2004-01-12,455.5
2004-01-13,460.25
2004-01-14,463.0
2004-01-15,464.0
2004-01-16,466.25
2004-01-19,
2004-01-20,468.5
2004-01-21,469.75
2004-01-22,467.75
2004-01-23,469.0
2004-01-26,473.0
2004-01-27,469.5
2004-01-28,463.25
2004-01-29,462.75
2004-01-30,469.25
2004-02-02,464.75
2004-02-03,466.0
2004-02-04,465.25
2004-02-05,471.25
2004-02-06,473.75
2004-02-09,478.75
2004-02-10,475.5
2004-02-11,479.0
2004-02-12,477.25
2004-02-13,476.5
2004-02-16,
2004-02-17,478.25
2004-02-18,475.75
2004-02-19,478.75
2004-02-20,480.0
2004-02-23,483.5
2004-02-24,487.5
2004-02-25,487.5
2004-02-26,489.75
2004-02-27,490.75
2004-03-01,491.75
2004-03-02,487.25
2004-03-03,488.5
2004-03-04,487.25
2004-03-05,486.75
2004-03-08,482.5
2004-03-09,490.25
2004-03-10,487.0
2004-03-11,487.5
2004-03-12,490.0
2004-03-15,495.25
2004-03-16,493.75
2004-03-17,495.25
2004-03-18,500.5
2004-03-19,502.75
2004-03-22,511.75
2004-03-23,510.0
2004-03-24,504.0
2004-03-25,497.75
2004-03-26,497.0
2004-03-29,496.0
2004-03-30,502.0
2004-03-31,513.0
2004-04-01,521.75
2004-04-02,529.5
2004-04-05,530.5
2004-04-06,527.5
2004-04-07,531.75
2004-04-08,531.75
2004-04-09,
2004-04-12,521.75
2004-04-13,509.25
2004-04-14,514.75
2004-04-15,499.75
2004-04-16,506.25
2004-04-19,505.5
2004-04-20,502.75
2004-04-21,497.25
2004-04-22,499.75
2004-04-23,500.75
2004-04-26,498.25
2004-04-27,507.25
2004-04-28,505.25
2004-04-29,508.75
2004-04-30,512.5
2004-05-03,515.0
2004-05-04,515.25
2004-05-05,510.5
2004-05-06,499.0
2004-05-07,500.0
2004-05-10,487.25
2004-05-11,488.75
2004-05-12,486.0
2004-05-13,484.75
2004-05-14,480.25
2004-05-17,483.25
2004-05-18,478.5
2004-05-19,485.0
2004-05-20,477.75
2004-05-21,476.25
2004-05-24,484.5
2004-05-25,491.75
2004-05-26,488.75
2004-05-27,486.5
2004-05-28,492.5
2004-05-31,
2004-06-01,512.5
2004-06-02,514.5
2004-06-03,505.25
2004-06-04,506.0
2004-06-07,498.75
2004-06-08,494.5
2004-06-09,497.75
2004-06-10,486.0
2004-06-11,
2004-06-14,489.75
2004-06-15,479.5
2004-06-16,481.5
2004-06-17,478.5
2004-06-18,475.25
2004-06-21,477.5
2004-06-22,472.5
2004-06-23,479.5
2004-06-24,477.75
2004-06-25,480.75
2004-06-28,474.25
2004-06-29,472.75
2004-06-30,462.25
2004-07-01,462.5
2004-07-02,458.25
2004-07-05,
2004-07-06,453.75
2004-07-07,453.75
2004-07-08,449.0
2004-07-09,447.5
2004-07-12,449.5
2004-07-13,447.0
2004-07-14,449.25
2004-07-15,445.5
2004-07-16,442.75
2004-07-19,440.25
2004-07-20,437.25
2004-07-21,429.75
2004-07-22,423.0
2004-07-23,427.25
2004-07-26,427.0
2004-07-27,426.0
2004-07-28,422.0
2004-07-29,422.25
2004-07-30,420.75
2004-08-02,423.0
2004-08-03,424.0
2004-08-04,426.5
2004-08-05,430.0
2004-08-06,432.0
2004-08-09,433.25
2004-08-10,431.0
2004-08-11,427.25
2004-08-12,424.25
2004-08-13,423.5
2004-08-16,428.25
2004-08-17,435.0
2004-08-18,431.5
2004-08-19,435.5
2004-08-20,437.0
2004-08-23,439.5
2004-08-24,437.25
2004-08-25,432.25
2004-08-26,429.25
2004-08-27,424.25
2004-08-30,430.5
2004-08-31,433.0
2004-09-01,438.0
2004-09-02,431.5
2004-09-03,426.25
2004-09-06,
2004-09-07,421.75
2004-09-08,422.0
2004-09-09,421.75
2004-09-10,417.5
2004-09-13,415.75
2004-09-14,413.25
2004-09-15,413.75
2004-09-16,411.5
2004-09-17,410.5
2004-09-20,401.25
2004-09-21,401.0
2004-09-22,398.75
2004-09-23,397.75
2004-09-24,396.25
2004-09-27,398.25
2004-09-28,400.0
2004-09-29,399.5
2004-09-30,399.5
2004-10-01,399.75
2004-10-04,396.25
2004-10-05,397.25
2004-10-06,399.0
2004-10-07,398.25
2004-10-08,396.25
2004-10-11,397.0
2004-10-12,396.25
2004-10-13,398.25
2004-10-14,398.0
2004-10-15,399.75
2004-10-18,398.25
2004-10-19,399.25
2004-10-20,398.75
2004-10-21,398.25
2004-10-22,395.75
2004-10-25,398.25
2004-10-26,399.25
2004-10-27,399.5
2004-10-28,399.25
2004-10-29,396.75
2004-11-01,395.25
2004-11-02,395.5
2004-11-03,395.5
2004-11-04,394.25
2004-11-05,396.25
2004-11-08,395.0
2004-11-09,395.0
2004-11-10,394.25
2004-11-11,391.25
2004-11-12,393.5
2004-11-15,395.5
2004-11-16,397.25
2004-11-17,398.75
2004-11-18,398.25
2004-11-19,394.25
2004-11-22,394.0
2004-11-23,394.25
2004-11-24,394.25
2004-11-25,394.25
2004-11-26,393.25
2004-11-29,391.5
2004-11-30,391.5
2004-12-01,390.5
2004-12-02,389.75
2004-12-03,392.0
2004-12-06,393.25
2004-12-07,390.0
2004-12-08,390.0
2004-12-09,389.0
2004-12-10,387.25
2004-12-13,390.75
2004-12-14,392.0
2004-12-15,391.25
2004-12-16,390.5
2004-12-17,390.5
2004-12-20,392.0
2004-12-21,391.5
2004-12-22,391.5
2004-12-23,392.75
2004-12-24,392.75
2004-12-27,393.5
2004-12-28,392.5
2004-12-29,389.75
2004-12-30,390.75
2004-12-31,390.75
2005-01-03,388.0
2005-01-04,387.0
2005-01-05,387.25
2005-01-06,392.0
2005-01-07,391.25
2005-01-10,391.25
2005-01-11,391.25
2005-01-12,386.5
2005-01-13,385.5
2005-01-14,382.5
2005-01-17,
2005-01-18,381.0
2005-01-19,381.25
2005-01-20,382.5
2005-01-21,382.5
2005-01-24,383.0
2005-01-25,384.25
2005-01-26,384.25
2005-01-27,382.0
2005-01-28,381.75
2005-01-31,382.75
2005-02-01,383.25
2005-02-02,381.75
2005-02-03,382.0
2005-02-04,381.5
2005-02-07,382.5
2005-02-08,381.25
2005-02-09,381.25
2005-02-10,384.25
2005-02-11,384.25
2005-02-14,385.5
2005-02-15,385.0
2005-02-16,383.0
2005-02-17,385.0
2005-02-18,385.5
2005-02-21,
2005-02-22,391.0
2005-02-23,389.5
2005-02-24,390.0
2005-02-25,392.5
2005-02-28,396.0
2005-03-01,394.0
2005-03-02,394.0
2005-03-03,393.25
2005-03-04,392.25
2005-03-07,388.75
2005-03-08,389.25
2005-03-09,392.5
2005-03-10,395.5
2005-03-11,399.0
2005-03-14,396.75
2005-03-15,401.5
2005-03-16,400.75
2005-03-17,399.0
2005-03-18,397.0
2005-03-21,392.5
2005-03-22,391.5
2005-03-23,388.25
2005-03-24,387.75
2005-03-25,
2005-03-28,388.75
2005-03-29,388.5
2005-03-30,388.25
2005-03-31,388.75
2005-04-01,391.0
2005-04-04,389.0
2005-04-05,384.5
2005-04-06,385.5
2005-04-07,384.5
2005-04-08,383.5
2005-04-11,384.75
2005-04-12,385.0
2005-04-13,384.25
2005-04-14,385.5
2005-04-15,384.25
2005-04-18,382.5
2005-04-19,387.0
2005-04-20,388.75
2005-04-21,389.75
2005-04-22,388.0
2005-04-25,391.25
2005-04-26,391.75
2005-04-27,388.25
2005-04-28,384.25
2005-04-29,384.75
2005-05-02,380.5
2005-05-03,377.0
2005-05-04,377.75
2005-05-05,379.5
2005-05-06,380.0
2005-05-09,379.75
2005-05-10,379.75
2005-05-11,378.25
2005-05-12,376.25
2005-05-13,375.75
2005-05-16,379.25
2005-05-17,379.5
2005-05-18,382.75
2005-05-19,381.75
2005-05-20,385.0
2005-05-23,394.5
2005-05-24,392.25
2005-05-25,393.75
2005-05-26,395.75
2005-05-27,392.75
2005-05-30,
2005-05-31,393.25
2005-06-01,395.75
2005-06-02,389.0
2005-06-03,390.25
2005-06-06,392.5
2005-06-07,392.25
2005-06-08,388.75
2005-06-09,388.5
2005-06-10,384.25
2005-06-13,388.75
2005-06-14,392.75
2005-06-15,398.5
2005-06-16,399.5
2005-06-17,403.0
2005-06-20,409.75
2005-06-21,406.25
2005-06-22,403.75
2005-06-23,400.75
2005-06-24,406.75
2005-06-27,395.5
2005-06-28,392.5
2005-06-29,391.0
2005-06-30,385.75
2005-07-01,389.75
2005-07-04,
2005-07-05,405.0
2005-07-06,405.0
2005-07-07,407.0
2005-07-08,400.25
2005-07-11,400.75
2005-07-12,401.0
2005-07-13,410.25
2005-07-14,415.75
2005-07-15,422.0
2005-07-18,424.0
2005-07-19,413.0
2005-07-20,406.25
2005-07-21,398.75
2005-07-22,398.75
2005-07-25,395.25
2005-07-26,399.25
2005-07-27,401.75
2005-07-28,406.5
2005-07-29,402.25
2005-08-01,398.25
2005-08-02,399.5
2005-08-03,394.0
2005-08-04,391.5
2005-08-05,388.5
2005-08-08,389.75
2005-08-09,386.75
2005-08-10,390.5
2005-08-11,392.25
2005-08-12,385.0
2005-08-15,377.25
2005-08-16,376.25
2005-08-17,380.5
2005-08-18,378.75
2005-08-19,377.5
2005-08-22,380.0
2005-08-23,378.0
2005-08-24,376.25
2005-08-25,373.75
2005-08-26,371.75
2005-08-29,373.5
2005-08-30,372.5
2005-08-31,370.5
2005-09-01,376.25
2005-09-02,371.25
2005-09-05,
2005-09-06,375.25
2005-09-07,371.5
2005-09-08,370.25
2005-09-09,370.0
2005-09-12,365.5
2005-09-13,364.0
2005-09-14,361.75
2005-09-15,360.5
2005-09-16,360.25
2005-09-19,
2005-09-20,360.25
2005-09-21,360.25
2005-09-22,361.0
2005-09-23,360.25
2005-09-26,357.75
2005-09-27,357.25
2005-09-28,357.25
2005-09-29,357.75
2005-09-30,360.25
2005-10-03,363.0
2005-10-04,360.75
2005-10-05,360.5
2005-10-06,359.75
2005-10-07,358.5
2005-10-10,357.5
2005-10-11,357.75
2005-10-12,360.5
2005-10-13,359.5
2005-10-14,359.25
2005-10-17,360.25
2005-10-18,358.75
2005-10-19,359.0
2005-10-20,359.5
2005-10-21,358.5
2005-10-24,357.75
2005-10-25,357.25
2005-10-26,356.5
2005-10-27,356.25
2005-10-28,355.75
2005-10-31,355.0
2005-11-01,355.0
2005-11-02,355.0
2005-11-03,355.75
2005-11-04,356.5
2005-11-07,356.75
2005-11-08,356.25
2005-11-09,355.0
2005-11-10,353.5
2005-11-11,355.0
2005-11-14,356.75
2005-11-15,356.0
2005-11-16,353.0
2005-11-17,353.0
2005-11-18,352.5
2005-11-21,352.75
2005-11-22,352.75
2005-11-23,352.0
2005-11-24,
2005-11-25,351.0
2005-11-28,350.75
2005-11-29,349.75
2005-11-30,349.5
2005-12-01,351.25
2005-12-02,350.75
2005-12-05,354.5
2005-12-06,352.25
2005-12-07,350.0
2005-12-08,350.75
2005-12-09,353.0
2005-12-12,356.0
2005-12-13,357.0
2005-12-14,355.75
2005-12-15,354.5
2005-12-16,356.5
2005-12-19,357.25
2005-12-20,358.0
2005-12-21,357.75
2005-12-22,359.5
2005-12-23,360.25
2005-12-26,
2005-12-27,360.75
2005-12-28,360.75
2005-12-29,358.0
2005-12-30,360.0
2006-01-02,
2006-01-03,363.25
2006-01-04,362.75
2006-01-05,360.75
2006-01-06,360.0
2006-01-09,357.5
2006-01-10,359.5
2006-01-11,360.75
2006-01-12,359.75
2006-01-13,360.5
2006-01-16,
2006-01-17,357.0
2006-01-18,355.0
2006-01-19,354.0
2006-01-20,354.25
2006-01-23,357.75
2006-01-24,361.25
2006-01-25,364.0
2006-01-26,364.5
2006-01-27,366.0
2006-01-30,365.5
2006-01-31,367.5
2006-02-01,365.75
2006-02-02,368.5
2006-02-03,371.75
2006-02-06,370.25
2006-02-07,366.25
2006-02-08,368.25
2006-02-09,372.5
2006-02-10,369.0
2006-02-13,368.75
2006-02-14,368.0
2006-02-15,370.25
2006-02-16,371.5
2006-02-17,373.5
2006-02-20,
2006-02-21,373.5
2006-02-22,371.0
2006-02-23,371.5
2006-02-24,376.0
2006-02-27,376.25
2006-02-28,376.0
2006-03-01,373.25
2006-03-02,376.75
2006-03-03,377.25
2006-03-06,371.25
2006-03-07,369.5
2006-03-08,368.5
2006-03-09,372.5
2006-03-10,374.75
2006-03-13,369.75
2006-03-14,372.75
2006-03-15,371.0
2006-03-16,367.5
2006-03-17,365.0
2006-03-20,362.25
2006-03-21,365.5
2006-03-22,365.5
2006-03-23,363.0
2006-03-24,363.25
2006-03-27,366.25
2006-03-28,366.25
2006-03-29,368.5
2006-03-30,371.75
2006-03-31,379.75
2006-04-03,380.0
2006-04-04,378.25
2006-04-05,379.75
2006-04-06,384.5
2006-04-07,386.25
2006-04-10,384.5
2006-04-11,385.5
2006-04-12,381.0
2006-04-13,380.25
2006-04-14,
2006-04-17,381.0
2006-04-18,384.0
2006-04-19,383.75
2006-04-20,381.25
2006-04-21,382.5
2006-04-24,378.75
2006-04-25,377.5
2006-04-26,378.0
2006-04-27,377.75
2006-04-28,383.5
2006-05-01,383.25
2006-05-02,378.75
2006-05-03,377.75
2006-05-04,374.25
2006-05-05,375.75
2006-05-08,373.0
2006-05-09,374.75
2006-05-10,377.0
2006-05-11,383.0
2006-05-12,393.5
2006-05-15,395.5
2006-05-16,394.75
2006-05-17,398.5
2006-05-18,397.0
2006-05-19,389.0
2006-05-22,390.5
2006-05-23,389.25
2006-05-24,386.0
2006-05-25,389.75
2006-05-26,390.75
2006-05-29,
2006-05-30,391.5
2006-05-31,388.75
2006-06-01,392.5
2006-06-02,396.75
2006-06-05,390.5
2006-06-06,385.25
2006-06-07,388.5
2006-06-08,382.75
2006-06-09,379.5
2006-06-12,385.25
2006-06-13,380.5
2006-06-14,374.0
2006-06-15,370.25
2006-06-16,373.0
2006-06-19,367.5
2006-06-20,367.75
2006-06-21,370.75
2006-06-22,368.75
2006-06-23,367.0
2006-06-26,360.75
2006-06-27,363.0
2006-06-28,363.75
2006-06-29,366.25
2006-06-30,372.0
2006-07-03,380.25
2006-07-04,
2006-07-05,376.25
2006-07-06,382.0
2006-07-07,377.5
2006-07-10,384.25
2006-07-11,391.0
2006-07-12,395.75
2006-07-13,387.75
2006-07-14,388.5
2006-07-17,379.75
2006-07-18,374.25
2006-07-19,373.5
2006-07-20,371.0
2006-07-21,365.25
2006-07-24,367.0
2006-07-25,367.75
2006-07-26,364.5
2006-07-27,366.0
2006-07-28,365.25
2006-07-31,367.75
2006-08-01,369.5
2006-08-02,376.0
2006-08-03,373.75
2006-08-04,374.0
2006-08-07,368.75
2006-08-08,364.75
2006-08-09,368.5
2006-08-10,367.5
2006-08-11,353.5
2006-08-14,350.0
2006-08-15,350.25
2006-08-16,349.75
2006-08-17,347.25
2006-08-18,347.5
2006-08-21,349.25
2006-08-22,347.75
2006-08-23,351.75
2006-08-24,356.0
2006-08-25,353.5
2006-08-28,352.75
2006-08-29,350.5
2006-08-30,356.5
2006-08-31,359.75
2006-09-01,357.5
2006-09-04,
2006-09-05,356.0
2006-09-06,352.5
2006-09-07,357.5
2006-09-08,357.75
2006-09-11,355.25
2006-09-12,349.5
2006-09-13,349.5
2006-09-14,349.0
2006-09-15,353.5
2006-09-18,
2006-09-19,349.0
2006-09-20,349.5
2006-09-21,355.0
2006-09-22,355.5
2006-09-25,357.5
2006-09-26,362.0
2006-09-27,356.25
2006-09-28,363.75
2006-09-29,362.5
2006-10-02,367.5
2006-10-03,365.75
2006-10-04,373.25
2006-10-05,368.75
2006-10-06,365.5
2006-10-09,381.0
2006-10-10,366.5
2006-10-11,369.0
2006-10-12,374.5
2006-10-13,384.5
2006-10-16,381.0
2006-10-17,386.0
2006-10-18,384.75
2006-10-19,389.75
2006-10-20,388.75
2006-10-23,394.75
2006-10-24,398.75
2006-10-25,399.25
2006-10-26,394.75
2006-10-27,398.25
2006-10-30,394.0
2006-10-31,387.75
2006-11-01,396.25
2006-11-02,410.0
2006-11-03,409.5
2006-11-06,413.75
2006-11-07,416.75
2006-11-08,419.25
2006-11-09,408.25
2006-11-10,404.75
2006-11-13,401.5
2006-11-14,405.25
2006-11-15,404.25
2006-11-16,401.75
2006-11-17,399.75
2006-11-20,401.25
2006-11-21,405.5
2006-11-22,411.25
2006-11-23,
2006-11-24,421.25
2006-11-27,427.5
2006-11-28,422.75
2006-11-29,420.75
2006-11-30,422.0
2006-12-01,420.25
2006-12-04,414.75
2006-12-05,417.5
2006-12-06,409.25
2006-12-07,414.0
2006-12-08,410.25
2006-12-11,411.25
2006-12-12,414.75
2006-12-13,410.5
2006-12-14,418.25
2006-12-15,421.0
2006-12-18,421.75
2006-12-19,425.5
2006-12-20,425.0
2006-12-21,428.0
2006-12-22,431.0
2006-12-25,
2006-12-26,431.5
2006-12-27,431.25
2006-12-28,433.75
2006-12-29,434.75
2007-01-01,
2007-01-02,434.75
2007-01-03,422.0
2007-01-04,419.0
2007-01-05,425.25
2007-01-08,424.75
2007-01-09,418.0
2007-01-10,420.0
2007-01-11,434.5
2007-01-12,454.5
2007-01-15,
2007-01-16,447.75
2007-01-17,449.0
2007-01-18,451.5
2007-01-19,450.75
2007-01-22,456.5
2007-01-23,462.75
2007-01-24,457.75
2007-01-25,459.25
2007-01-26,458.5
2007-01-29,454.5
2007-01-30,457.75
2007-01-31,454.75
2007-02-01,452.5
2007-02-02,457.25
2007-02-05,455.0
2007-02-06,451.5
2007-02-07,451.0
2007-02-08,456.5
2007-02-09,459.25
2007-02-12,458.5
2007-02-13,463.0
2007-02-14,461.25
2007-02-15,464.5
2007-02-16,473.25
2007-02-19,
2007-02-20,473.25
2007-02-21,483.0
2007-02-22,487.75
2007-02-23,480.75
2007-02-26,478.0
2007-02-27,469.5
2007-02-28,480.0
2007-03-01,473.25
2007-03-02,466.75
2007-03-05,468.75
2007-03-06,466.5
2007-03-07,469.25
2007-03-08,470.75
2007-03-09,467.75
2007-03-12,462.75
2007-03-13,460.75
2007-03-14,461.75
2007-03-15,457.5
2007-03-16,463.0
2007-03-19,466.0
2007-03-20,469.25
2007-03-21,469.5
2007-03-22,469.5
2007-03-23,469.75
2007-03-26,461.25
2007-03-27,461.5
2007-03-28,460.75
2007-03-29,463.5
2007-03-30,443.5
2007-04-02,429.5
2007-04-03,427.5
2007-04-04,440.5
2007-04-05,446.75
2007-04-06,
2007-04-09,446.5
2007-04-10,454.5
2007-04-11,447.75
2007-04-12,447.25
2007-04-13,455.0
2007-04-16,450.25
2007-04-17,439.5
2007-04-18,441.5
2007-04-19,440.0
2007-04-20,434.75
2007-04-23,428.5
2007-04-24,432.5
2007-04-25,439.5
2007-04-26,434.0
2007-04-27,427.5
2007-04-30,424.5
2007-05-01,438.5
2007-05-02,440.25
2007-05-03,447.25
2007-05-04,450.5
2007-05-07,443.25
2007-05-08,426.5
2007-05-09,426.0
2007-05-10,416.5
2007-05-11,434.5
2007-05-14,431.0
2007-05-15,438.5
2007-05-16,437.5
2007-05-17,430.5
2007-05-18,426.5
2007-05-21,440.25
2007-05-22,429.25
2007-05-23,430.5
2007-05-24,432.75
2007-05-25,435.0
2007-05-28,
2007-05-29,427.5
2007-05-30,441.25
2007-05-31,444.75
2007-06-01,443.0
2007-06-04,443.0
2007-06-05,442.75
2007-06-06,441.25
2007-06-07,453.5
2007-06-08,452.25
2007-06-11,466.0
2007-06-12,465.5
2007-06-13,475.0
2007-06-14,477.5
2007-06-15,484.25
2007-06-18,483.5
2007-06-19,463.5
2007-06-20,466.25
2007-06-21,459.0
2007-06-22,441.5
2007-06-25,434.0
2007-06-26,435.0
2007-06-27,422.0
2007-06-28,418.25
2007-06-29,410.75
2007-07-02,410.0
2007-07-03,398.0
2007-07-04,
2007-07-05,402.5
2007-07-06,412.0
2007-07-09,410.25
2007-07-10,417.0
2007-07-11,415.5
2007-07-12,425.25
2007-07-13,428.5
2007-07-16,408.5
2007-07-17,396.75
2007-07-18,402.5
2007-07-19,396.25
2007-07-20,393.5
2007-07-23,385.5
2007-07-24,386.75
2007-07-25,387.25
2007-07-26,393.0
2007-07-27,396.5
2007-07-30,400.0
2007-07-31,402.25
2007-08-01,396.0
2007-08-02,401.25
2007-08-03,403.0
2007-08-06,403.0
2007-08-07,412.0
2007-08-08,418.0
2007-08-09,408.75
2007-08-10,410.5
2007-08-13,409.0
2007-08-14,405.0
2007-08-15,405.25
2007-08-16,399.0
2007-08-17,405.75
2007-08-20,408.75
2007-08-21,415.0
2007-08-22,424.25
2007-08-23,422.0
2007-08-24,418.75
2007-08-27,413.0
2007-08-28,404.75
2007-08-29,400.25
2007-08-30,399.75
2007-08-31,400.0
2007-09-03,
2007-09-04,413.25
2007-09-05,405.75
2007-09-06,399.25
2007-09-07,407.5
2007-09-10,406.0
2007-09-11,401.25
2007-09-12,416.5
2007-09-13,406.75
2007-09-14,409.0
2007-09-17,412.25
2007-09-18,432.75
2007-09-19,436.75
2007-09-20,444.75
2007-09-21,449.75
2007-09-24,445.25
2007-09-25,442.75
2007-09-26,445.0
2007-09-27,452.75
2007-09-28,448.0
2007-10-01,444.0
2007-10-02,424.0
2007-10-03,424.0
2007-10-04,423.25
2007-10-05,422.0
2007-10-08,419.5
2007-10-09,421.5
2007-10-10,425.75
2007-10-11,422.25
2007-10-12,428.75
2007-10-15,437.0
2007-10-16,437.25
2007-10-17,432.75
2007-10-18,441.75
2007-10-19,443.75
2007-10-22,439.75
2007-10-23,438.5
2007-10-24,433.0
2007-10-25,443.75
2007-10-26,448.25
2007-10-29,451.0
2007-10-30,447.0
2007-10-31,449.75
2007-11-01,445.25
2007-11-02,454.0
2007-11-05,453.75
2007-11-06,462.0
2007-11-07,461.0
2007-11-08,463.75
2007-11-09,460.0
2007-11-12,453.0
2007-11-13,449.25
2007-11-14,457.0
2007-11-15,449.25
2007-11-16,452.75
2007-11-19,449.5
2007-11-20,453.0
2007-11-21,456.25
2007-11-22,
2007-11-23,460.5
2007-11-26,459.5
2007-11-27,458.0
2007-11-28,463.5
2007-11-29,458.75
2007-11-30,459.0
2007-12-03,460.0
2007-12-04,466.0
2007-12-05,464.25
2007-12-06,465.0
2007-12-07,469.0
2007-12-10,468.25
2007-12-11,470.75
2007-12-12,477.75
2007-12-13,479.25
2007-12-14,479.0
2007-12-17,479.0
2007-12-18,476.75
2007-12-19,480.5
2007-12-20,483.0
2007-12-21,491.0
2007-12-24,491.0
2007-12-25,
2007-12-26,498.5
2007-12-27,503.0
2007-12-28,501.5
2007-12-31,502.0
2008-01-01,
2008-01-02,508.75
2008-01-03,514.25
2008-01-04,515.25
2008-01-07,514.25
2008-01-08,524.5
2008-01-09,523.5
2008-01-10,521.75
2008-01-11,541.75
2008-01-14,559.0
2008-01-15,557.5
2008-01-16,549.75
2008-01-17,549.5
2008-01-18,543.5
2008-01-21,
2008-01-22,532.5
2008-01-23,512.5
2008-01-24,531.0
2008-01-25,538.25
2008-01-28,539.0
2008-01-29,539.25
2008-01-30,538.5
2008-01-31,544.25
2008-02-01,547.5
2008-02-04,561.5
2008-02-05,561.0
2008-02-06,554.25
2008-02-07,551.0
2008-02-08,558.5
2008-02-11,553.75
2008-02-12,548.75
2008-02-13,547.75
2008-02-14,560.75
2008-02-15,566.5
2008-02-18,
2008-02-19,573.5
2008-02-20,576.5
2008-02-21,581.5
2008-02-22,578.75
2008-02-25,585.75
2008-02-26,585.0
2008-02-27,582.0
2008-02-28,594.0
2008-02-29,593.25
2008-03-03,604.5
2008-03-04,595.75
2008-03-05,605.75
2008-03-06,607.75
2008-03-07,587.75
2008-03-10,607.5
2008-03-11,614.0
2008-03-12,607.5
2008-03-13,611.75
2008-03-14,603.5
2008-03-17,583.5
2008-03-18,589.75
2008-03-19,569.75
2008-03-20,549.75
2008-03-21,
2008-03-24,568.25
2008-03-25,588.25
2008-03-26,597.0
2008-03-27,597.0
2008-03-28,605.25
2008-03-31,609.5
2008-04-01,621.5
2008-04-02,631.5
2008-04-03,638.75
2008-04-04,637.25
2008-04-07,632.0
2008-04-08,632.0
2008-04-09,648.5
2008-04-10,639.75
2008-04-11,632.5
2008-04-14,641.75
2008-04-15,653.75
2008-04-16,654.25
2008-04-17,654.5
2008-04-18,651.25
2008-04-21,633.75
2008-04-22,647.5
2008-04-23,641.0
2008-04-24,630.5
2008-04-25,635.25
2008-04-28,658.75
2008-04-29,650.5
2008-04-30,656.75
2008-05-01,
2008-05-02,658.0
2008-05-05,641.25
2008-05-06,652.0
2008-05-07,659.0
2008-05-08,674.75
2008-05-09,678.5
2008-05-12,666.25
2008-05-13,659.5
2008-05-14,649.0
2008-05-15,651.0
2008-05-16,645.25
2008-05-19,641.5
2008-05-20,644.5
2008-05-21,662.0
2008-05-22,651.75
2008-05-23,655.75
2008-05-26,
2008-05-27,654.0
2008-05-28,648.0
2008-05-29,638.0
2008-05-30,655.0
2008-06-02,671.75
2008-06-03,664.75
2008-06-04,671.5
2008-06-05,699.25
2008-06-06,706.25
2008-06-09,713.75
2008-06-10,731.25
2008-06-11,761.25
2008-06-12,768.0
2008-06-13,793.5
2008-06-16,793.5
2008-06-17,804.5
2008-06-18,808.5
2008-06-19,790.0
2008-06-20,784.0
2008-06-23,787.75
2008-06-24,776.0
2008-06-25,793.5
2008-06-26,816.5
2008-06-27,815.5
2008-06-30,785.5
2008-07-01,780.5
2008-07-02,809.0
2008-07-03,805.5
2008-07-04,
2008-07-07,775.5
2008-07-08,751.0
2008-07-09,741.25
2008-07-10,732.75
2008-07-11,737.75
2008-07-14,710.75
2008-07-15,695.25
2008-07-16,705.75
2008-07-17,678.5
2008-07-18,657.0
2008-07-21,636.75
2008-07-22,620.75
2008-07-23,619.0
2008-07-24,620.5
2008-07-25,625.0
2008-07-28,629.75
2008-07-29,642.0
2008-07-30,649.75
2008-07-31,636.0
2008-08-01,613.5
2008-08-04,584.0
2008-08-05,573.5
2008-08-06,556.25
2008-08-07,570.5
2008-08-08,546.75
2008-08-11,545.5
2008-08-12,557.0
2008-08-13,587.0
2008-08-14,605.75
2008-08-15,578.0
2008-08-18,601.25
2008-08-19,613.0
2008-08-20,623.5
2008-08-21,646.0
2008-08-22,635.0
2008-08-25,628.5
2008-08-26,622.5
2008-08-27,624.5
2008-08-28,616.25
2008-08-29,613.5
2008-09-01,
2008-09-02,597.75
2008-09-03,590.75
2008-09-04,593.0
2008-09-05,577.0
2008-09-08,577.5
2008-09-09,573.0
2008-09-10,565.25
2008-09-11,561.75
2008-09-12,591.75
2008-09-15,590.5
2008-09-16,560.75
2008-09-17,582.5
2008-09-18,537.5
2008-09-19,554.75
2008-09-22,574.75
2008-09-23,577.5
2008-09-24,581.5
2008-09-25,578.0
2008-09-26,567.5
2008-09-29,537.5
2008-09-30,520.0
2008-10-01,515.75
2008-10-02,488.25
2008-10-03,489.75
2008-10-06,459.75
2008-10-07,444.25
2008-10-08,455.75
2008-10-09,469.25
2008-10-10,439.25
2008-10-13,445.25
2008-10-14,445.75
2008-10-15,423.25
2008-10-16,416.25
2008-10-17,436.75
2008-10-20,455.25
2008-10-21,443.75
2008-10-22,417.75
2008-10-23,425.0
2008-10-24,406.5
2008-10-27,422.0
2008-10-28,429.75
2008-10-29,459.0
2008-10-30,448.25
2008-10-31,439.25
2008-11-03,443.0
2008-11-04,455.75
2008-11-05,436.0
2008-11-06,422.75
2008-11-07,419.75
2008-11-10,428.75
2008-11-11,417.75
2008-11-12,411.75
2008-11-13,419.0
2008-11-14,421.75
2008-11-17,428.25
2008-11-18,422.25
2008-11-19,420.25
2008-11-20,404.75
2008-11-21,379.5
2008-11-24,396.5
2008-11-25,396.25
2008-11-26,397.0
2008-11-27,
2008-11-28,392.25
2008-12-01,375.0
2008-12-02,373.75
2008-12-03,373.0
2008-12-04,358.0
2008-12-05,330.0
2008-12-08,352.5
2008-12-09,351.0
2008-12-10,366.0
2008-12-11,375.25
2008-12-12,398.75
2008-12-15,401.25
2008-12-16,420.25
2008-12-17,414.0
2008-12-18,413.5
2008-12-19,403.75
2008-12-22,405.75
2008-12-23,418.5
2008-12-24,420.25
2008-12-25,
2008-12-26,435.25
2008-12-29,417.0
2008-12-30,419.5
2008-12-31,430.25
2009-01-01,
2009-01-02,435.0
2009-01-05,434.0
2009-01-06,450.0
2009-01-07,439.25
2009-01-08,429.0
2009-01-09,433.0
2009-01-12,403.0
2009-01-13,385.75
2009-01-14,390.25
2009-01-15,389.75
2009-01-16,415.5
2009-01-19,
2009-01-20,408.75
2009-01-21,414.5
2009-01-22,412.25
2009-01-23,414.75
2009-01-26,417.75
2009-01-27,401.75
2009-01-28,408.75
2009-01-29,406.0
2009-01-30,403.75
2009-02-02,394.75
2009-02-03,385.0
2009-02-04,380.5
2009-02-05,394.0
2009-02-06,400.5
2009-02-09,400.5
2009-02-10,399.25
2009-02-11,388.75
2009-02-12,386.5
2009-02-13,384.25
2009-02-16,
2009-02-17,369.0
2009-02-18,366.25
2009-02-19,372.5
2009-02-20,368.5
2009-02-23,370.25
2009-02-24,373.0
2009-02-25,382.5
2009-02-26,381.0
2009-02-27,369.75
2009-03-02,359.0
2009-03-03,359.5
2009-03-04,372.5
2009-03-05,366.5
2009-03-06,369.5
2009-03-09,374.75
2009-03-10,385.5
2009-03-11,374.75
2009-03-12,394.5
2009-03-13,396.75
2009-03-16,400.0
2009-03-17,399.5
2009-03-18,397.5
2009-03-19,407.0
2009-03-20,406.75
2009-03-23,406.0
2009-03-24,404.0
2009-03-25,396.25
2009-03-26,401.5
2009-03-27,398.0
2009-03-30,397.0
2009-03-31,414.5
2009-04-01,406.0
2009-04-02,412.5
2009-04-03,414.25
2009-04-06,415.5
2009-04-07,406.25
2009-04-08,406.5
2009-04-09,400.5
2009-04-10,
2009-04-13,398.0
2009-04-14,403.5
2009-04-15,394.0
2009-04-16,395.5
2009-04-17,385.75
2009-04-20,377.5
2009-04-21,382.25
2009-04-22,382.0
2009-04-23,390.25
2009-04-24,385.5
2009-04-27,380.25
2009-04-28,383.0
2009-04-29,400.5
2009-04-30,402.0
2009-05-01,412.0
2009-05-04,404.25
2009-05-05,403.75
2009-05-06,405.5
2009-05-07,409.75
2009-05-08,418.5
2009-05-11,419.0
2009-05-12,426.75
2009-05-13,426.0
2009-05-14,428.0
2009-05-15,417.25
2009-05-18,420.75
2009-05-19,425.75
2009-05-20,426.0
2009-05-21,424.25
2009-05-22,430.75
2009-05-25,
2009-05-26,429.0
2009-05-27,428.5
2009-05-28,431.0
2009-05-29,438.0
2009-06-01,448.0
2009-06-02,451.5
2009-06-03,433.75
2009-06-04,450.25
2009-06-05,446.25
2009-06-08,436.75
2009-06-09,445.0
2009-06-10,436.75
2009-06-11,442.0
2009-06-12,426.5
2009-06-15,406.5
2009-06-16,404.0
2009-06-17,407.5
2009-06-18,402.5
2009-06-19,398.25
2009-06-22,384.25
2009-06-23,387.75
2009-06-24,386.0
2009-06-25,380.25
2009-06-26,383.0
2009-06-29,376.0
2009-06-30,346.0
2009-07-01,348.0
2009-07-02,336.25
2009-07-03,
2009-07-06,323.0
2009-07-07,314.5
2009-07-08,313.0
2009-07-09,318.75
2009-07-10,316.75
2009-07-13,318.25
2009-07-14,324.25
2009-07-15,316.25
2009-07-16,304.0
2009-07-17,310.25
2009-07-20,312.5
2009-07-21,300.75
2009-07-22,298.0
2009-07-23,317.5
2009-07-24,306.0
2009-07-27,312.5
2009-07-28,308.5
2009-07-29,306.75
2009-07-30,321.0
2009-07-31,328.25
2009-08-03,347.75
2009-08-04,344.5
2009-08-05,335.75
2009-08-06,319.0
2009-08-07,305.25
2009-08-10,309.25
2009-08-11,309.75
2009-08-12,315.0
2009-08-13,310.75
2009-08-14,306.5
2009-08-17,300.5
2009-08-18,301.25
2009-08-19,306.25
2009-08-20,302.75
2009-08-21,305.0
2009-08-24,314.25
2009-08-25,305.5
2009-08-26,305.0
2009-08-27,308.0
2009-08-28,307.75
2009-08-31,308.5
2009-09-01,298.0
2009-09-02,298.0
2009-09-03,294.5
2009-09-04,285.0
2009-09-07,
2009-09-08,286.25
2009-09-09,288.5
2009-09-10,294.0
2009-09-11,298.5
2009-09-14,296.5
2009-09-15,325.25
2009-09-16,315.0
2009-09-17,307.75
2009-09-18,381.5
2009-09-21,380.25
2009-09-22,390.5
2009-09-23,394.5
2009-09-24,400.25
2009-09-25,397.25
2009-09-28,401.5
2009-09-29,403.75
2009-09-30,407.0
2009-10-01,403.25
2009-10-02,397.0
2009-10-05,404.0
2009-10-06,417.75
2009-10-07,419.5
2009-10-08,423.0
2009-10-09,419.5
2009-10-12,433.75
2009-10-13,433.75
2009-10-14,434.25
2009-10-15,427.75
2009-10-16,426.75
2009-10-19,439.25
2009-10-20,437.75
2009-10-21,445.5
2009-10-22,449.25
2009-10-23,
2009-10-26,428.75
2009-10-27,426.5
2009-10-28,427.5
2009-10-29,438.75
2009-10-30,426.0
2009-11-02,443.0
2009-11-03,452.0
2009-11-04,445.0
2009-11-05,438.25
2009-11-06,431.75
2009-11-09,451.0
2009-11-10,457.25
2009-11-11,457.0
2009-11-12,453.0
2009-11-13,451.25
2009-11-16,462.25
2009-11-17,460.75
2009-11-18,454.75
2009-11-19,452.5
2009-11-20,449.75
2009-11-23,448.75
2009-11-24,440.25
2009-11-25,456.0
2009-11-26,
2009-11-27,459.75
2009-11-30,462.75
2009-12-01,458.75
2009-12-02,452.25
2009-12-03,448.0
2009-12-04,438.75
2009-12-07,434.0
2009-12-08,435.0
2009-12-09,434.25
2009-12-10,443.0
2009-12-11,452.5
2009-12-14,454.75
2009-12-15,452.25
2009-12-16,456.5
2009-12-17,444.0
2009-12-18,444.5
2009-12-21,446.25
2009-12-22,445.5
2009-12-23,451.5
2009-12-24,454.5
2009-12-25,
2009-12-28,460.0
2009-12-29,459.5
2009-12-30,456.25
2009-12-31,455.0
2010-01-01,
2010-01-04,459.5
2010-01-05,
2010-01-06,463.0
2010-01-07,457.75
2010-01-08,463.25
2010-01-11,461.75
2010-01-12,431.75
2010-01-13,433.0
2010-01-14,429.75
2010-01-15,420.25
2010-01-18,
2010-01-19,418.25
2010-01-20,417.0
2010-01-21,419.75
2010-01-22,411.5
2010-01-25,414.0
2010-01-26,409.75
2010-01-27,406.0
2010-01-28,409.25
2010-01-29,405.0
2010-02-01,408.75
2010-02-02,415.25
2010-02-03,404.0
2010-02-04,404.0
2010-02-05,401.25
2010-02-08,405.25
2010-02-09,407.75
2010-02-10,410.25
2010-02-11,412.75
2010-02-12,411.5
2010-02-15,
2010-02-16,417.0
2010-02-17,411.0
2010-02-18,409.5
2010-02-19,412.5
2010-02-22,422.25
2010-02-23,
2010-02-24,423.75
2010-02-25,421.0
2010-02-26,427.25
2010-03-01,420.75
2010-03-02,421.25
2010-03-03,427.25
2010-03-04,422.75
2010-03-05,416.75
2010-03-08,417.25
2010-03-09,411.25
2010-03-10,409.0
2010-03-11,409.5
2010-03-12,408.0
2010-03-15,407.25
2010-03-16,411.0
2010-03-17,418.25
2010-03-18,419.5
2010-03-19,417.75
2010-03-22,413.5
2010-03-23,406.5
2010-03-24,408.25
2010-03-25,399.0
2010-03-26,399.75
2010-03-29,400.75
2010-03-30,398.0
2010-03-31,390.5
2010-04-01,391.25
2010-04-02,
2010-04-05,393.5
2010-04-06,394.0
2010-04-07,402.5
2010-04-08,395.5
2010-04-09,393.0
2010-04-12,395.0
2010-04-13,398.5
2010-04-14,403.5
2010-04-15,408.5
2010-04-16,408.5
2010-04-19,392.25
2010-04-20,399.5
2010-04-21,401.75
2010-04-22,402.0
2010-04-23,392.5
2010-04-26,390.75
2010-04-27,383.25
2010-04-28,392.0
2010-04-29,398.0
2010-04-30,406.5
2010-05-03,403.75
2010-05-04,401.25
2010-05-05,403.5
2010-05-06,399.0
2010-05-07,400.25
2010-05-10,400.75
2010-05-11,407.25
2010-05-12,406.75
2010-05-13,403.25
2010-05-14,394.25
2010-05-17,388.0
2010-05-18,392.75
2010-05-19,392.25
2010-05-20,392.75
2010-05-21,399.5
2010-05-24,403.25
2010-05-25,397.0
2010-05-26,405.0
2010-05-27,407.75
2010-05-28,394.25
2010-05-31,
2010-06-01,389.5
2010-06-02,384.0
2010-06-03,384.5
2010-06-04,373.75
2010-06-07,369.25
2010-06-08,370.75
2010-06-09,372.75
2010-06-10,378.75
2010-06-11,385.25
2010-06-14,389.25
2010-06-15,389.25
2010-06-16,391.5
2010-06-17,392.5
2010-06-18,394.75
2010-06-21,389.0
2010-06-22,386.25
2010-06-23,379.75
2010-06-24,378.75
2010-06-25,374.75
2010-06-28,367.0
2010-06-29,358.25
2010-06-30,387.75
2010-07-01,398.75
2010-07-02,398.75
2010-07-05,
2010-07-06,393.5
2010-07-07,403.5
2010-07-08,410.5
2010-07-09,409.5
2010-07-12,406.0
2010-07-13,401.25
2010-07-14,410.5
2010-07-15,419.5
2010-07-16,421.5
2010-07-19,408.25
2010-07-20,401.75
2010-07-21,407.75
2010-07-22,404.5
2010-07-23,398.75
2010-07-26,392.25
2010-07-27,391.25
2010-07-28,405.0
2010-07-29,408.0
2010-07-30,421.0
2010-08-02,418.75
2010-08-03,418.25
2010-08-04,429.25
2010-08-05,432.25
2010-08-06,434.25
2010-08-09,432.25
2010-08-10,423.25
2010-08-11,425.25
2010-08-12,436.0
2010-08-13,441.5
2010-08-16,437.0
2010-08-17,444.25
2010-08-18,447.5
2010-08-19,443.5
2010-08-20,450.5
2010-08-23,447.0
2010-08-24,434.75
2010-08-25,434.25
2010-08-26,446.25
2010-08-27,450.25
2010-08-30,455.75
2010-08-31,453.5
2010-09-01,461.0
2010-09-02,461.75
2010-09-03,478.75
2010-09-06,
2010-09-07,480.5
2010-09-08,
2010-09-09,485.0
2010-09-10,492.5
2010-09-13,497.75
2010-09-14,509.25
2010-09-15,509.5
2010-09-16,510.25
2010-09-17,527.5
2010-09-20,553.5
2010-09-21,554.0
2010-09-22,557.75
2010-09-23,556.0
2010-09-24,570.0
2010-09-27,564.5
2010-09-28,
2010-09-29,563.25
2010-09-30,561.5
2010-10-01,541.0
2010-10-04,546.5
2010-10-05,556.5
2010-10-06,556.75
2010-10-07,561.5
2010-10-08,591.5
2010-10-11,594.25
2010-10-12,602.75
2010-10-13,598.5
2010-10-14,599.75
2010-10-15,597.0
2010-10-18,597.0
2010-10-19,589.75
2010-10-20,612.5
2010-10-21,603.0
2010-10-22,598.75
2010-10-25,613.0
2010-10-26,618.5
2010-10-27,620.0
2010-10-28,623.25
2010-10-29,622.25
2010-11-01,620.5
2010-11-02,625.0
2010-11-03,629.75
2010-11-04,634.75
2010-11-05,635.5
2010-11-08,633.25
2010-11-09,632.5
2010-11-10,629.5
2010-11-11,619.5
2010-11-12,589.5
2010-11-15,599.25
2010-11-16,572.25
2010-11-17,579.5
2010-11-18,588.75
2010-11-19,571.25
2010-11-22,563.5
2010-11-23,575.0
2010-11-24,588.0
2010-11-25,
2010-11-26,587.25
2010-11-29,590.25
2010-11-30,583.75
2010-12-01,609.0
2010-12-02,603.25
2010-12-03,614.75
2010-12-06,609.5
2010-12-07,604.5
2010-12-08,614.0
2010-12-09,610.0
2010-12-10,609.5
2010-12-13,620.25
2010-12-14,614.5
2010-12-15,608.0
2010-12-16,612.75
2010-12-17,621.75
2010-12-20,623.0
2010-12-21,626.0
2010-12-22,630.25
2010-12-23,631.5
2010-12-24,
2010-12-27,633.5
2010-12-28,637.5
2010-12-29,636.25
2010-12-30,631.5
2010-12-31,642.25
2011-01-03,632.75
2011-01-04,623.75
2011-01-05,638.5
2011-01-06,630.25
2011-01-07,622.25
2011-01-10,628.25
2011-01-11,628.25
2011-01-12,640.25
2011-01-13,650.75
2011-01-14,651.5
2011-01-17,
2011-01-18,658.25
2011-01-19,648.5
2011-01-20,656.25
2011-01-21,667.5
2011-01-24,667.5
2011-01-25,659.25
2011-01-26,671.0
2011-01-27,663.0
2011-01-28,656.75
2011-01-31,671.5
2011-02-01,676.25
2011-02-02,678.0
2011-02-03,668.75
2011-02-04,682.0
2011-02-07,682.25
2011-02-08,684.75
2011-02-09,694.75
2011-02-10,694.75
2011-02-11,698.5
2011-02-14,687.75
2011-02-15,671.75
2011-02-16,672.25
2011-02-17,695.5
2011-02-18,692.75
2011-02-21,
2011-02-22,662.75
2011-02-23,672.0
2011-02-24,663.25
2011-02-25,682.0
2011-02-28,687.0
2011-03-01,685.0
2011-03-02,685.75
2011-03-03,696.0
2011-03-04,689.75
2011-03-07,690.75
2011-03-08,690.25
2011-03-09,690.5
2011-03-10,667.5
2011-03-11,658.0
2011-03-14,658.25
2011-03-15,628.25
2011-03-16,629.5
2011-03-17,659.5
2011-03-18,678.75
2011-03-21,689.75
2011-03-22,692.5
2011-03-23,690.0
2011-03-24,699.0
2011-03-25,689.75
2011-03-28,677.25
2011-03-29,680.5
2011-03-30,675.5
2011-03-31,705.5
2011-04-01,717.75
2011-04-04,725.75
2011-04-05,727.0
2011-04-06,727.75
2011-04-07,724.5
2011-04-08,733.25
2011-04-11,
2011-04-12,716.75
2011-04-13,725.25
2011-04-14,735.75
2011-04-15,736.25
2011-04-18,748.5
2011-04-19,756.25
2011-04-20,735.75
2011-04-21,745.75
2011-04-22,
2011-04-25,761.75
2011-04-26,756.0
2011-04-27,747.5
2011-04-28,717.75
2011-04-29,749.75
2011-05-02,741.5
2011-05-03,742.5
2011-05-04,745.5
2011-05-05,736.0
2011-05-06,720.5
2011-05-09,737.75
2011-05-10,733.0
2011-05-11,706.25
2011-05-12,710.75
2011-05-13,707.25
2011-05-16,715.75
2011-05-17,733.5
2011-05-18,753.0
2011-05-19,742.25
2011-05-20,746.75
2011-05-23,750.75
2011-05-24,742.75
2011-05-25,751.0
2011-05-26,756.5
2011-05-27,764.25
2011-05-30,
2011-05-31,753.25
2011-06-01,759.75
2011-06-02,775.25
2011-06-03,766.5
2011-06-06,747.25
2011-06-07,756.75
2011-06-08,774.0
2011-06-09,794.25
2011-06-10,792.75
2011-06-13,784.75
2011-06-14,765.25
2011-06-15,746.25
2011-06-16,733.25
2011-06-17,740.25
2011-06-20,740.75
2011-06-21,760.5
2011-06-22,730.5
2011-06-23,726.25
2011-06-24,712.25
2011-06-27,707.0
2011-06-28,733.25
2011-06-29,730.75
2011-06-30,700.75
2011-07-01,677.0
2011-07-04,
2011-07-05,692.75
2011-07-06,688.75
2011-07-07,695.75
2011-07-08,717.25
2011-07-11,713.0
2011-07-12,738.25
2011-07-13,760.0
2011-07-14,758.75
2011-07-15,765.25
2011-07-18,757.25
2011-07-19,767.5
2011-07-20,758.0
2011-07-21,753.25
2011-07-22,765.75
2011-07-25,754.75
2011-07-26,767.0
2011-07-27,771.75
2011-07-28,766.5
2011-07-29,749.0
2011-08-01,766.0
2011-08-02,796.0
2011-08-03,793.25
2011-08-04,781.75
2011-08-05,783.25
2011-08-08,766.25
2011-08-09,768.75
2011-08-10,768.75
2011-08-11,794.25
2011-08-12,794.75
2011-08-15,800.25
2011-08-16,807.75
2011-08-17,805.75
2011-08-18,793.25
2011-08-19,805.5
2011-08-22,814.75
2011-08-23,823.75
2011-08-24,823.25
2011-08-25,823.75
2011-08-26,847.25
2011-08-29,850.25
2011-08-30,855.5
2011-08-31,847.75
2011-09-01,818.75
2011-09-02,840.25
2011-09-05,
2011-09-06,836.0
2011-09-07,828.25
2011-09-08,814.25
2011-09-09,816.75
2011-09-12,825.75
2011-09-13,803.25
2011-09-14,804.5
2011-09-15,781.25
2011-09-16,772.25
2011-09-19,
2011-09-20,806.75
2011-09-21,807.25
2011-09-22,776.5
2011-09-23,765.5
2011-09-26,776.5
2011-09-27,787.25
2011-09-28,768.25
2011-09-29,770.5
2011-09-30,752.75
2011-10-03,749.5
2011-10-04,747.75
2011-10-05,760.25
2011-10-06,762.0
2011-10-07,755.0
2011-10-10,759.25
2011-10-11,787.75
2011-10-12,783.25
2011-10-13,781.75
2011-10-14,788.5
2011-10-17,790.25
2011-10-18,785.75
2011-10-19,780.5
2011-10-20,787.25
2011-10-21,790.25
2011-10-24,792.5
2011-10-25,795.5
2011-10-26,787.5
2011-10-27,800.25
2011-10-28,803.0
2011-10-31,794.5
2011-11-01,794.0
2011-11-02,792.5
2011-11-03,798.25
2011-11-04,799.75
2011-11-07,799.0
2011-11-08,801.25
2011-11-09,783.5
2011-11-10,769.5
2011-11-11,761.0
2011-11-14,760.0
2011-11-15,770.5
2011-11-16,768.25
2011-11-17,747.25
2011-11-18,746.0
2011-11-21,737.0
2011-11-22,736.0
2011-11-23,729.25
2011-11-24,
2011-11-25,722.5
2011-11-28,732.5
2011-11-29,737.0
2011-11-30,739.0
2011-12-01,741.25
2011-12-02,740.25
2011-12-05,740.75
2011-12-06,743.0
2011-12-07,738.0
2011-12-08,748.0
2011-12-09,738.75
2011-12-12,735.0
2011-12-13,741.75
2011-12-14,727.5
2011-12-15,730.25
2011-12-16,735.0
2011-12-19,746.0
2011-12-20,750.5
2011-12-21,757.75
2011-12-22,753.5
2011-12-23,756.0
2011-12-26,
2011-12-27,764.25
2011-12-28,770.5
2011-12-29,769.0
2011-12-30,773.25
2012-01-02,
2012-01-03,777.0
2012-01-04,776.75
2012-01-05,766.5
2012-01-06,762.25
2012-01-09,770.5
2012-01-10,773.5
2012-01-11,769.5
2012-01-12,748.0
2012-01-13,742.25
2012-01-16,
2012-01-17,744.5
2012-01-18,735.75
2012-01-19,744.0
2012-01-20,738.75
2012-01-23,743.25
2012-01-24,749.5
2012-01-25,750.0
2012-01-26,753.0
2012-01-27,758.0
2012-01-30,751.75
2012-01-31,756.5
2012-02-01,763.75
2012-02-02,766.0
2012-02-03,768.5
2012-02-06,768.25
2012-02-07,762.25
2012-02-08,760.5
2012-02-09,755.0
2012-02-10,746.75
2012-02-13,754.0
2012-02-14,751.25
2012-02-15,746.75
2012-02-16,755.0
2012-02-17,755.25
2012-02-20,
2012-02-21,750.75
2012-02-22,751.5
2012-02-23,745.75
2012-02-24,745.0
2012-02-27,744.0
2012-02-28,750.5
2012-02-29,755.5
2012-03-01,753.75
2012-03-02,757.0
2012-03-05,758.25
2012-03-06,750.5
2012-03-07,745.0
2012-03-08,744.25
2012-03-09,749.5
2012-03-12,
2012-03-13,754.5
2012-03-14,751.0
2012-03-15,759.25
2012-03-16,761.25
2012-03-19,757.25
2012-03-20,747.25
2012-03-21,743.0
2012-03-22,742.75
2012-03-23,744.5
2012-03-26,740.25
2012-03-27,737.25
2012-03-28,723.25
2012-03-29,711.25
2012-03-30,727.25
2012-04-02,732.0
2012-04-03,732.5
2012-04-04,731.25
2012-04-05,737.25
2012-04-06,737.25
2012-04-09,737.25
2012-04-10,730.5
2012-04-11,733.75
2012-04-12,733.75
2012-04-13,724.0
2012-04-16,713.25
2012-04-17,716.75
2012-04-18,715.75
2012-04-19,728.75
2012-04-20,723.75
2012-04-23,732.5
2012-04-24,728.5
2012-04-25,725.0
2012-04-26,722.0
2012-04-27,725.75
2012-04-30,730.25
2012-05-01,725.75
2012-05-02,718.0
2012-05-03,716.5
2012-05-04,711.25
2012-05-07,711.75
2012-05-08,715.0
2012-05-09,703.75
2012-05-10,694.25
2012-05-11,692.25
2012-05-14,692.5
2012-05-15,701.5
2012-05-16,713.25
2012-05-17,715.25
2012-05-18,724.0
2012-05-21,727.5
2012-05-22,709.0
2012-05-23,710.0
2012-05-24,702.0
2012-05-25,708.5
2012-05-28,
2012-05-29,704.5
2012-05-30,707.5
2012-05-31,709.0
2012-06-01,697.0
2012-06-04,710.75
2012-06-05,694.75
2012-06-06,706.5
2012-06-07,723.5
2012-06-08,731.0
2012-06-11,721.0
2012-06-12,709.5
2012-06-13,697.5
2012-06-14,703.0
2012-06-15,693.0
2012-06-18,721.0
2012-06-19,750.5
2012-06-20,753.5
2012-06-21,737.0
2012-06-22,741.0
2012-06-25,781.0
2012-06-26,811.0
2012-06-27,820.0
2012-06-28,819.25
2012-06-29,821.75
2012-07-02,842.75
2012-07-03,861.5
2012-07-04,
2012-07-05,895.5
2012-07-06,880.0
2012-07-09,917.0
2012-07-10,904.5
2012-07-11,891.0
2012-07-12,919.25
2012-07-13,927.25
2012-07-16,959.5
2012-07-17,958.25
2012-07-18,971.25
2012-07-19,965.5
2012-07-20,982.75
2012-07-23,972.5
2012-07-24,965.25
2012-07-25,975.0
2012-07-26,963.25
2012-07-27,980.25
2012-07-30,1001.0
2012-07-31,992.25
2012-08-01,987.5
2012-08-02,982.75
2012-08-03,994.5
2012-08-06,992.0
2012-08-07,987.5
2012-08-08,1003.5
2012-08-09,1010.75
2012-08-10,996.25
2012-08-13,979.25
2012-08-14,976.0
2012-08-15,991.0
2012-08-16,994.5
2012-08-17,994.25
2012-08-20,1010.75
2012-08-21,1025.75
2012-08-22,1021.75
2012-08-23,1001.75
2012-08-24,995.5
2012-08-27,987.75
2012-08-28,982.5
2012-08-29,1000.5
2012-08-30,995.5
2012-08-31,986.75
2012-09-03,
2012-09-04,992.0
2012-09-05,977.75
2012-09-06,985.5
2012-09-07,986.5
2012-09-10,970.25
2012-09-11,964.75
2012-09-12,956.5
2012-09-13,960.75
2012-09-14,969.0
2012-09-17,935.0
2012-09-18,780.75
2012-09-19,788.0
2012-09-20,788.5
2012-09-21,787.75
2012-09-24,786.5
2012-09-25,787.0
2012-09-26,767.25
2012-09-27,757.0
2012-09-28,778.75
2012-10-01,779.5
2012-10-02,779.25
2012-10-03,782.25
2012-10-04,776.0
2012-10-05,772.5
2012-10-08,773.0
2012-10-09,776.0
2012-10-10,778.75
2012-10-11,794.25
2012-10-12,782.25
2012-10-15,774.5
2012-10-16,771.5
2012-10-17,774.75
2012-10-18,783.5
2012-10-19,783.0
2012-10-22,781.5
2012-10-23,782.5
2012-10-24,787.75
2012-10-25,783.0
2012-10-26,783.5
2012-10-29,784.0
2012-10-30,785.5
2012-10-31,784.75
2012-11-01,787.75
2012-11-02,784.75
2012-11-05,779.75
2012-11-06,785.5
2012-11-07,789.5
2012-11-08,784.5
2012-11-09,778.0
2012-11-12,760.5
2012-11-13,759.5
2012-11-14,756.75
2012-11-15,755.0
2012-11-16,757.0
2012-11-19,767.25
2012-11-20,771.25
2012-11-21,771.5
2012-11-22,
2012-11-23,773.75
2012-11-26,777.25
2012-11-27,785.75
2012-11-28,788.0
2012-11-29,784.5
2012-11-30,783.75
2012-12-03,788.0
2012-12-04,790.0
2012-12-05,793.75
2012-12-06,791.75
2012-12-07,786.0
2012-12-10,785.0
2012-12-11,776.0
2012-12-12,774.0
2012-12-13,774.25
2012-12-14,776.25
2012-12-17,770.25
2012-12-18,771.25
2012-12-19,761.75
2012-12-20,752.0
2012-12-21,755.0
2012-12-24,755.25
2012-12-25,
2012-12-26,747.5
2012-12-27,744.25
2012-12-28,748.0
2012-12-31,748.0
2013-01-01,
2013-01-02,740.5
2013-01-03,735.75
2013-01-04,720.0
2013-01-07,722.75
2013-01-08,726.0
2013-01-09,730.0
2013-01-10,732.25
2013-01-11,725.25
2013-01-14,732.25
2013-01-15,737.5
2013-01-16,740.5
2013-01-17,734.75
2013-01-18,738.75
2013-01-21,
2013-01-22,738.25
2013-01-23,738.5
2013-01-24,733.75
2013-01-25,732.5
2013-01-28,738.25
2013-01-29,735.25
2013-01-30,741.25
2013-01-31,739.25
2013-02-01,740.25
2013-02-04,742.0
2013-02-05,738.25
2013-02-06,727.0
2013-02-07,714.75
2013-02-08,711.5
2013-02-11,707.0
2013-02-12,711.25
2013-02-13,712.5
2013-02-14,712.0
2013-02-15,711.25
2013-02-18,
2013-02-19,706.0
2013-02-20,709.75
2013-02-21,702.25
2013-02-22,701.0
2013-02-25,698.5
2013-02-26,704.5
2013-02-27,702.0
2013-02-28,705.25
2013-03-01,705.0
2013-03-04,698.5
2013-03-05,700.25
2013-03-06,692.5
2013-03-07,690.0
2013-03-08,695.25
2013-03-11,702.25
2013-03-12,705.5
2013-03-13,703.25
2013-03-14,707.5
2013-03-15,710.0
2013-03-18,710.25
2013-03-19,710.5
2013-03-20,715.25
2013-03-21,716.75
2013-03-22,713.5
2013-03-25,720.25
2013-03-26,719.25
2013-03-27,719.25
2013-03-28,686.75
2013-03-29,
2013-04-01,683.75
2013-04-02,684.75
2013-04-03,687.75
2013-04-04,688.25
2013-04-05,683.25
2013-04-08,680.25
2013-04-09,688.5
2013-04-10,691.25
2013-04-11,692.25
2013-04-12,698.25
2013-04-15,680.5
2013-04-16,689.0
2013-04-17,695.5
2013-04-18,689.5
2013-04-19,695.25
2013-04-22,681.25
2013-04-23,671.0
2013-04-24,676.25
2013-04-25,679.5
2013-04-26,672.25
2013-04-29,707.75
2013-04-30,705.0
2013-05-01,698.75
2013-05-02,707.25
2013-05-03,701.75
2013-05-06,686.5
2013-05-07,687.5
2013-05-08,680.25
2013-05-09,689.75
2013-05-10,677.75
2013-05-13,687.5
2013-05-14,686.25
2013-05-15,680.0
2013-05-16,672.25
2013-05-17,667.75
2013-05-20,668.5
2013-05-21,668.5
2013-05-22,678.75
2013-05-23,683.0
2013-05-24,684.75
2013-05-27,
2013-05-28,699.25
2013-05-29,714.0
2013-05-30,711.0
2013-05-31,715.5
2013-06-03,708.25
2013-06-04,701.25
2013-06-05,690.5
2013-06-06,696.5
2013-06-07,706.75
2013-06-10,694.25
2013-06-11,699.0
2013-06-12,685.75
2013-06-13,683.5
2013-06-14,681.25
2013-06-17,686.75
2013-06-18,698.75
2013-06-19,718.75
2013-06-20,708.75
2013-06-21,704.5
2013-06-24,694.75
2013-06-25,692.75
2013-06-26,692.25
2013-06-27,686.75
2013-06-28,659.25
2013-07-01,649.5
2013-07-02,651.0
2013-07-03,651.0
2013-07-04,
2013-07-05,639.5
2013-07-08,648.75
2013-07-09,670.0
2013-07-10,669.75
2013-07-11,675.25
2013-07-12,657.5
2013-07-15,651.75
2013-07-16,659.0
2013-07-17,650.25
2013-07-18,649.0
2013-07-19,649.0
2013-07-22,646.25
2013-07-23,633.75
2013-07-24,628.5
2013-07-25,627.0
2013-07-26,624.25
2013-07-29,621.5
2013-07-30,625.75
2013-07-31,627.25
2013-08-01,615.25
2013-08-02,612.0
2013-08-05,608.75
2013-08-06,607.5
2013-08-07,606.5
2013-08-08,608.0
2013-08-09,601.5
2013-08-12,612.25
2013-08-13,595.5
2013-08-14,603.5
2013-08-15,620.5
2013-08-16,611.75
2013-08-19,633.75
2013-08-20,623.75
2013-08-21,631.5
2013-08-22,612.75
2013-08-23,618.25
2013-08-26,648.75
2013-08-27,634.5
2013-08-28,629.0
2013-08-29,629.75
2013-08-30,630.25
2013-09-02,
2013-09-03,623.5
2013-09-04,617.75
2013-09-05,609.25
2013-09-06,616.5
2013-09-09,611.75
2013-09-10,617.25
2013-09-11,620.75
2013-09-12,614.5
2013-09-13,607.25
2013-09-16,604.75
2013-09-17,602.25
2013-09-18,604.5
2013-09-19,607.75
2013-09-20,599.25
2013-09-23,601.5
2013-09-24,597.0
2013-09-25,603.0
2013-09-26,605.0
2013-09-27,602.25
2013-09-30,589.75
2013-10-01,587.25
2013-10-02,587.25
2013-10-03,587.5
2013-10-04,591.5
2013-10-07,597.5
2013-10-08,590.0
2013-10-09,592.5
2013-10-10,587.5
2013-10-11,581.25
2013-10-14,585.5
2013-10-15,592.0
2013-10-16,590.25
2013-10-17,591.5
2013-10-18,589.75
2013-10-21,592.5
2013-10-22,586.25
2013-10-23,591.0
2013-10-24,588.75
2013-10-25,588.25
2013-10-28,578.75
2013-10-29,581.0
2013-10-30,578.5
2013-10-31,576.25
2013-11-01,575.25
2013-11-04,574.5
2013-11-05,574.25
2013-11-06,569.25
2013-11-07,569.5
2013-11-08,574.5
2013-11-11,583.0
2013-11-12,580.5
2013-11-13,578.5
2013-11-14,574.25
2013-11-15,570.25
2013-11-18,560.25
2013-11-19,566.75
2013-11-20,565.0
2013-11-21,570.5
2013-11-22,570.5
2013-11-25,573.0
2013-11-26,566.75
2013-11-27,565.5
2013-11-28,
2013-11-29,563.5
2013-12-02,564.75
2013-12-03,570.0
2013-12-04,574.25
2013-12-05,572.5
2013-12-06,573.75
2013-12-09,577.25
2013-12-10,575.0
2013-12-11,577.25
2013-12-12,571.5
2013-12-13,562.5
2013-12-16,560.25
2013-12-17,564.25
2013-12-18,563.75
2013-12-19,567.75
2013-12-20,570.75
2013-12-23,571.0
2013-12-24,571.25
2013-12-25,
2013-12-26,564.5
2013-12-27,565.25
2013-12-30,561.0
2013-12-31,560.25
2014-01-01,
2014-01-02,558.25
2014-01-03,562.0
2014-01-06,565.25
2014-01-07,563.25
2014-01-08,556.0
2014-01-09,551.25
2014-01-10,568.25
2014-01-13,568.5
2014-01-14,566.0
2014-01-15,561.25
2014-01-16,562.25
2014-01-17,559.0
2014-01-20,
2014-01-21,557.0
2014-01-22,557.5
2014-01-23,559.25
2014-01-24,559.5
2014-01-27,562.5
2014-01-28,560.75
2014-01-29,556.75
2014-01-30,560.25
2014-01-31,560.0
2014-02-03,563.0
2014-02-04,569.25
2014-02-05,567.0
2014-02-06,568.25
2014-02-07,570.0
2014-02-10,568.25
2014-02-11,565.75
2014-02-12,567.75
2014-02-13,566.25
2014-02-14,569.75
2014-02-17,
2014-02-18,573.75
2014-02-19,578.25
2014-02-20,578.75
2014-02-21,574.25
2014-02-24,575.0
2014-02-25,577.75
2014-02-26,576.5
2014-02-27,571.0
2014-02-28,581.5
2014-03-03,586.5
2014-03-04,596.5
2014-03-05,593.25
2014-03-06,599.25
2014-03-07,594.75
2014-03-10,586.5
2014-03-11,592.25
2014-03-12,596.0
2014-03-13,594.0
2014-03-14,596.0
2014-03-17,591.5
2014-03-18,595.125
2014-03-19,598.25
2014-03-20,590.5
2014-03-21,590.0
2014-03-24,
2014-03-25,596.5
2014-03-26,594.0
2014-03-27,597.75
2014-03-28,596.0
2014-03-31,608.0
2014-04-01,614.25
2014-04-02,607.5
2014-04-03,611.75
2014-04-04,
2014-04-07,614.75
2014-04-08,
2014-04-09,
2014-04-10,615.25
2014-04-11,609.0
2014-04-14,613.5
2014-04-15,613.25
2014-04-16,608.75
2014-04-17,606.5
2014-04-18,
2014-04-21,600.0
2014-04-22,605.5
2014-04-23,614.25
2014-04-24,613.0
2014-04-25,615.5
2014-04-28,616.25
2014-04-29,622.5
2014-04-30,619.75
2014-05-01,610.5
2014-05-02,603.5
2014-05-05,609.75
2014-05-06,619.5
2014-05-07,619.5
2014-05-08,621.25
2014-05-09,609.0
2014-05-12,601.75
2014-05-13,604.0
2014-05-14,598.75
2014-05-15,590.75
2014-05-16,591.25
2014-05-19,585.75
2014-05-20,582.0
2014-05-21,581.0
2014-05-22,583.5
2014-05-23,584.0
2014-05-26,
2014-05-27,576.5
2014-05-28,580.0
2014-05-29,573.75
2014-05-30,566.75
2014-06-02,568.25
2014-06-03,563.25
2014-06-04,562.5
2014-06-05,557.75
2014-06-06,567.0
2014-06-09,560.5
2014-06-10,554.75
2014-06-11,552.25
2014-06-12,553.75
2014-06-13,557.25
2014-06-16,552.0
2014-06-17,550.0
2014-06-18,548.75
2014-06-19,557.0
2014-06-20,562.25
2014-06-23,552.0
2014-06-24,550.75
2014-06-25,550.25
2014-06-26,553.0
2014-06-27,557.0
2014-06-30,533.5
2014-07-01,533.0
2014-07-02,528.5
2014-07-03,525.25
2014-07-04,
2014-07-07,517.25
2014-07-08,514.75
2014-07-09,507.75
2014-07-10,502.5
2014-07-11,493.5
2014-07-14,498.25
2014-07-15,491.75
2014-07-16,496.5
2014-07-17,496.75
2014-07-18,488.0
2014-07-21,481.75
2014-07-22,478.0
2014-07-23,480.25
2014-07-24,479.25
2014-07-25,482.0
2014-07-28,486.75
2014-07-29,481.25
2014-07-30,481.75
2014-07-31,
2014-08-01,
2014-08-04,
2014-08-05,
2014-08-06,484.25
2014-08-07,479.375
2014-08-08,474.0
2014-08-11,478.25
2014-08-12,478.75
2014-08-13,479.75
2014-08-14,483.75
2014-08-15,487.25
2014-08-18,480.75
2014-08-19,482.25
2014-08-20,477.75
2014-08-21,478.75
2014-08-22,482.25
2014-08-25,477.75
2014-08-26,474.5
2014-08-27,475.0
2014-08-28,479.25
2014-08-29,476.0
2014-09-01,
2014-09-02,473.75
2014-09-03,461.25
2014-09-04,456.75
2014-09-05,466.75
2014-09-08,458.25
2014-09-09,454.25
2014-09-10,455.5
2014-09-11,451.5
2014-09-12,448.5
2014-09-15,453.0
2014-09-16,453.75
2014-09-17,451.25
2014-09-18,448.75
2014-09-19,441.75
2014-09-22,440.25
2014-09-23,435.25
2014-09-24,439.5
2014-09-25,436.5
2014-09-26,433.0
2014-09-29,436.0
2014-09-30,430.0
2014-10-01,431.5
2014-10-02,432.75
2014-10-03,433.75
2014-10-06,442.0
2014-10-07,450.0
2014-10-08,451.25
2014-10-09,451.0
2014-10-10,443.75
2014-10-13,454.0
2014-10-14,463.75
2014-10-15,454.5
2014-10-16,459.0
2014-10-17,454.5
2014-10-20,456.5
2014-10-21,463.5
2014-10-22,460.0
2014-10-23,467.0
2014-10-24,460.75
2014-10-27,469.5
2014-10-28,469.75
2014-10-29,478.25
2014-10-30,477.0
2014-10-31,479.5
2014-11-03,476.75
2014-11-04,469.5
2014-11-05,475.0
2014-11-06,477.25
2014-11-07,474.0
2014-11-10,476.25
2014-11-11,481.0
2014-11-12,484.5
2014-11-13,490.25
2014-11-14,486.0
2014-11-17,483.25
2014-11-18,477.5
2014-11-19,468.5
2014-11-20,477.75
2014-11-21,474.75
2014-11-24,472.25
2014-11-25,479.25
2014-11-26,482.0
2014-11-27,
2014-11-28,479.0
2014-12-01,480.0
2014-12-02,471.5
2014-12-03,473.25
2014-12-04,479.0
2014-12-05,485.25
2014-12-08,479.25
2014-12-09,484.75
2014-12-10,481.75
2014-12-11,485.5
2014-12-12,492.25
2014-12-15,494.5
2014-12-16,492.0
2014-12-17,493.5
2014-12-18,496.25
2014-12-19,496.75
2014-12-22,495.75
2014-12-23,498.25
2014-12-24,494.0
2014-12-25,
2014-12-26,
2014-12-29,498.25
2014-12-30,492.0
2014-12-31,483.75
2015-01-01,
2015-01-02,481.25
2015-01-05,490.75
2015-01-06,489.75
2015-01-07,481.75
2015-01-08,478.75
2015-01-09,483.25
2015-01-12,487.25
2015-01-13,473.0
2015-01-14,471.0
2015-01-15,469.25
2015-01-16,476.0
2015-01-19,475.25
2015-01-20,478.5
2015-01-21,476.5
2015-01-22,475.0
2015-01-23,479.0
2015-01-26,475.25
2015-01-27,472.5
2015-01-28,466.75
2015-01-29,465.75
2015-01-30,462.75
2015-02-02,462.5
2015-02-03,477.25
2015-02-04,475.25
2015-02-05,477.25
2015-02-06,478.25
2015-02-09,483.0
2015-02-10,480.25
2015-02-11,476.5
2015-02-12,474.25
2015-02-13,479.75
2015-02-16,477.75
2015-02-17,482.25
2015-02-18,475.75
2015-02-19,481.25
2015-02-20,478.0
2015-02-23,472.75
2015-02-24,471.5
2015-02-25,470.75
2015-02-26,475.0
2015-02-27,479.875
2015-03-02,475.25
2015-03-03,477.5
2015-03-04,474.75
2015-03-05,475.25
2015-03-06,471.75
2015-03-09,473.5
2015-03-10,473.5
2015-03-11,475.25
2015-03-12,473.75
2015-03-13,466.0
2015-03-16,466.0
2015-03-17,458.25
2015-03-18,461.5
2015-03-19,461.0
2015-03-20,471.0
2015-03-23,475.0
2015-03-24,479.0
2015-03-25,478.75
2015-03-26,476.25
2015-03-27,476.5
2015-03-30,479.5
2015-03-31,462.25
2015-04-01,468.0
2015-04-02,472.5
2015-04-03,
2015-04-06,470.25
2015-04-07,469.5
2015-04-08,466.25
2015-04-09,465.0
2015-04-10,464.5
2015-04-13,457.5
2015-04-14,459.5
2015-04-15,461.75
2015-04-16,461.75
2015-04-17,464.25
2015-04-20,462.25
2015-04-21,459.25
2015-04-22,459.25
2015-04-23,456.5
2015-04-24,449.75
2015-04-27,445.0
2015-04-28,444.5
2015-04-29,447.25
2015-04-30,444.75
2015-05-01,441.5
2015-05-04,439.0
2015-05-05,440.5
2015-05-06,443.25
2015-05-07,438.5
2015-05-08,441.25
2015-05-11,437.0
2015-05-12,437.5
2015-05-13,440.0
2015-05-14,446.5
2015-05-15,443.5
2015-05-18,446.75
2015-05-19,441.5
2015-05-20,438.25
2015-05-21,443.25
2015-05-22,439.5
2015-05-25,438.75
2015-05-26,434.25
2015-05-27,428.0
2015-05-28,431.0
2015-05-29,429.5
2015-06-01,431.25
2015-06-02,437.25
2015-06-03,438.0
2015-06-04,442.0
2015-06-05,439.75
2015-06-08,445.0
2015-06-09,444.5
2015-06-10,436.5
2015-06-11,435.75
2015-06-12,431.5
2015-06-15,425.0
2015-06-16,431.0
2015-06-17,436.75
2015-06-18,434.75
2015-06-19,430.0
2015-06-22,435.25
2015-06-23,442.75
2015-06-24,441.5
2015-06-25,454.25
2015-06-26,463.5
2015-06-29,464.0
2015-06-30,492.5
2015-07-01,494.25
2015-07-02,498.75
2015-07-03,
2015-07-06,497.25
2015-07-07,494.5
2015-07-08,496.0
2015-07-09,499.5
2015-07-10,505.75
2015-07-13,513.75
2015-07-14,500.25
2015-07-15,502.25
2015-07-16,501.0
2015-07-17,492.75
2015-07-20,478.0
2015-07-21,479.0
2015-07-22,475.0
2015-07-23,474.75
2015-07-24,463.75
2015-07-27,445.0
2015-07-28,447.25
2015-07-29,439.0
2015-07-30,446.5
2015-07-31,443.25
2015-08-03,439.25
2015-08-04,440.5
2015-08-05,444.75
2015-08-06,441.5
2015-08-07,445.75
2015-08-10,462.5
2015-08-11,449.75
2015-08-12,431.25
2015-08-13,437.0
2015-08-14,437.25
2015-08-17,436.5
2015-08-18,438.5
2015-08-19,440.0
2015-08-20,444.25
2015-08-21,438.5
2015-08-24,443.25
2015-08-25,439.25
2015-08-26,435.0
2015-08-27,436.0
2015-08-28,435.75
2015-08-31,434.0
2015-09-01,
2015-09-02,428.5
2015-09-03,423.0
2015-09-04,424.0
2015-09-07,424.5
2015-09-08,429.75
2015-09-09,430.0
2015-09-10,435.5
2015-09-11,448.5
2015-09-14,454.5
2015-09-15,451.75
2015-09-16,448.75
2015-09-17,444.5
2015-09-18,443.25
2015-09-21,450.625
2015-09-22,444.75
2015-09-23,447.5
2015-09-24,445.75
2015-09-25,451.5
2015-09-28,449.75
2015-09-29,451.0
2015-09-30,452.75
2015-10-01,451.75
2015-10-02,451.5
2015-10-05,456.0
2015-10-06,459.5
2015-10-07,458.0
2015-10-08,454.0
2015-10-09,448.25
2015-10-12,447.75
2015-10-13,451.0
2015-10-14,447.0
2015-10-15,445.0
2015-10-16,445.75
2015-10-19,442.0
2015-10-20,444.0
2015-10-21,444.5
2015-10-22,443.0
2015-10-23,444.0
2015-10-26,449.0
2015-10-27,446.0
2015-10-28,443.5
2015-10-29,
2015-10-30,
2015-11-02,443.5
2015-11-03,446.0
2015-11-04,447.0
2015-11-05,442.5
2015-11-06,442.25
2015-11-09,436.5
2015-11-10,431.5
2015-11-11,432.0
2015-11-12,432.0
2015-11-13,428.75
2015-11-16,430.25
2015-11-17,430.5
2015-11-18,430.75
2015-11-19,432.5
2015-11-20,432.75
2015-11-23,435.25
2015-11-24,433.0
2015-11-25,434.75
2015-11-26,434.375
2015-11-27,431.0
2015-11-30,435.75
2015-12-01,437.25
2015-12-02,434.25
2015-12-03,439.5
2015-12-04,444.25
2015-12-07,436.5
2015-12-08,436.5
2015-12-09,437.0
2015-12-10,440.5
2015-12-11,437.5
2015-12-14,440.25
2015-12-15,439.0
2015-12-16,432.75
2015-12-17,437.5
2015-12-18,438.0
2015-12-21,436.5
2015-12-22,431.5
2015-12-23,430.75
2015-12-24,430.0
2015-12-25,
2015-12-28,427.0
2015-12-29,428.0
2015-12-30,424.5
2015-12-31,423.5
2016-01-01,
2016-01-04,419.0
2016-01-05,419.0
2016-01-06,419.75
2016-01-07,419.5
2016-01-08,423.5
2016-01-11,419.5
2016-01-12,423.0
2016-01-13,423.75
2016-01-14,423.0
2016-01-15,426.25
2016-01-18,425.75
2016-01-19,430.0
2016-01-20,431.5
2016-01-21,429.75
2016-01-22,432.75
2016-01-25,433.5
2016-01-26,431.75
2016-01-27,431.25
2016-01-28,428.0
2016-01-29,433.75
2016-02-01,433.0
2016-02-02,434.75
2016-02-03,434.0
2016-02-04,432.5
2016-02-05,430.0
2016-02-08,426.75
2016-02-09,425.25
2016-02-10,424.75
2016-02-11,424.5
2016-02-12,423.25
2016-02-15,424.25
2016-02-16,426.5
2016-02-17,430.0
2016-02-18,427.75
2016-02-19,428.0
2016-02-22,431.25
2016-02-23,426.75
2016-02-24,424.0
2016-02-25,420.75
2016-02-26,419.75
2016-02-29,416.75
2016-03-01,414.75
2016-03-02,415.25
2016-03-03,416.75
2016-03-04,419.25
2016-03-07,420.0
2016-03-08,421.25
2016-03-09,419.75
2016-03-10,421.5
2016-03-11,423.25
2016-03-14,427.5
2016-03-15,427.75
2016-03-16,426.75
2016-03-17,427.25
2016-03-18,426.5
2016-03-21,428.25
2016-03-22,428.5
2016-03-23,427.0
2016-03-24,428.0
2016-03-25,
2016-03-28,428.875
2016-03-29,430.25
2016-03-30,425.0
2016-03-31,409.0
2016-04-01,410.0
2016-04-04,409.75
2016-04-05,412.25
2016-04-06,412.0
2016-04-07,414.75
2016-04-08,415.5
2016-04-11,410.25
2016-04-12,415.0
2016-04-13,424.5
2016-04-14,426.5
2016-04-15,428.0
2016-04-18,431.5
2016-04-19,437.25
2016-04-20,445.0
2016-04-21,433.5
2016-04-22,421.0
2016-04-25,430.5
2016-04-26,435.5
2016-04-27,430.5
2016-04-28,435.75
2016-04-29,436.0
2016-05-02,437.5
2016-05-03,427.5
2016-05-04,425.0
2016-05-05,422.75
2016-05-06,425.5
2016-05-09,417.0
2016-05-10,427.25
2016-05-11,427.0
2016-05-12,437.25
2016-05-13,439.25
2016-05-16,440.75
2016-05-17,445.5
2016-05-18,444.5
2016-05-19,437.0
2016-05-20,440.75
2016-05-23,444.0
2016-05-24,442.5
2016-05-25,449.5
2016-05-26,451.25
2016-05-27,454.75
2016-05-30,452.5
2016-05-31,449.5
2016-06-01,457.5
2016-06-02,456.0
2016-06-03,461.0
2016-06-06,470.5
2016-06-07,474.0
2016-06-08,475.5
2016-06-09,474.75
2016-06-10,472.75
2016-06-13,481.25
2016-06-14,487.5
2016-06-15,480.25
2016-06-16,476.25
2016-06-17,489.75
2016-06-20,474.0
2016-06-21,450.75
2016-06-22,444.0
2016-06-23,439.25
2016-06-24,436.0
2016-06-27,435.75
2016-06-28,435.25
2016-06-29,424.5
2016-06-30,415.5
2016-07-01,408.25
2016-07-04,
2016-07-05,398.5
2016-07-06,390.25
2016-07-07,389.0
2016-07-08,404.0
2016-07-11,397.5
2016-07-12,401.0
2016-07-13,411.25
2016-07-14,404.0
2016-07-15,399.25
2016-07-18,404.25
2016-07-19,391.25
2016-07-20,385.5
2016-07-21,380.75
2016-07-22,384.25
2016-07-25,382.75
2016-07-26,380.75
2016-07-27,384.0
2016-07-28,380.75
2016-07-29,383.25
2016-08-01,375.75
2016-08-02,375.25
2016-08-03,376.75
2016-08-04,371.75
2016-08-05,374.25
2016-08-08,376.0
2016-08-09,374.25
2016-08-10,374.0
2016-08-11,373.0
2016-08-12,374.5
2016-08-15,379.0
2016-08-16,378.75
2016-08-17,380.75
2016-08-18,384.0
2016-08-19,385.0
2016-08-22,384.25
2016-08-23,378.5
2016-08-24,377.5
2016-08-25,373.25
2016-08-26,366.25
2016-08-29,362.0
2016-08-30,356.75
2016-08-31,356.25
2016-09-01,364.5
2016-09-02,369.75
2016-09-05,368.5
2016-09-06,368.0
2016-09-07,374.75
2016-09-08,379.0
2016-09-09,381.0
2016-09-12,381.25
2016-09-13,372.25
2016-09-14,373.5
2016-09-15,370.0
2016-09-16,375.5
2016-09-19,377.0
2016-09-20,379.75
2016-09-21,378.75
2016-09-22,376.25
2016-09-23,374.75
2016-09-26,369.0
2016-09-27,372.5
2016-09-28,369.5
2016-09-29,369.25
2016-09-30,376.0
2016-10-03,383.75
2016-10-04,386.5
2016-10-05,386.0
2016-10-06,380.75
2016-10-07,379.75
2016-10-10,382.75
2016-10-11,384.25
2016-10-12,377.75
2016-10-13,388.25
2016-10-14,390.0
2016-10-17,391.25
2016-10-18,391.0
2016-10-19,394.5
2016-10-20,388.0
2016-10-21,388.5
2016-10-24,386.25
2016-10-25,387.5
2016-10-26,390.25
2016-10-27,393.25
2016-10-28,390.75
2016-10-31,389.5
2016-11-01,385.75
2016-11-02,384.5
2016-11-03,386.0
2016-11-04,386.0
2016-11-07,385.0
2016-11-08,391.0
2016-11-09,380.5
2016-11-10,381.0
2016-11-11,379.875
2016-11-14,375.75
2016-11-15,379.25
2016-11-16,376.25
2016-11-17,378.5
2016-11-18,382.0
2016-11-21,386.0
2016-11-22,387.25
2016-11-23,387.75
2016-11-25,387.5
2016-11-28,388.0
2016-11-29,379.75
2016-11-30,379.75
2016-12-01,375.0
2016-12-02,377.75
2016-12-05,389.25
2016-12-06,389.5
2016-12-07,387.0
2016-12-08,383.25
2016-12-09,388.5
2016-12-12,389.25
2016-12-13,389.25
2016-12-14,390.0
2016-12-15,386.0
2016-12-16,386.5
2016-12-19,384.25
2016-12-20,381.75
2016-12-21,378.25
2016-12-22,377.75
2016-12-23,376.25
2016-12-27,384.25
2016-12-28,378.25
2016-12-29,379.25
2016-12-30,380.0
2017-01-03,383.5
2017-01-04,386.75
2017-01-05,388.5
2017-01-06,385.5
2017-01-09,387.5
2017-01-10,386.5
2017-01-11,385.75
2017-01-12,386.0
2017-01-13,386.25
2017-01-17,392.5
2017-01-18,391.75
2017-01-19,393.5
2017-01-20,395.75
2017-01-23,396.0
2017-01-24,391.0
2017-01-25,393.75
2017-01-26,390.75
2017-01-27,389.25
2017-01-30,385.5
2017-01-31,387.25
2017-02-01,396.25
2017-02-02,394.5
2017-02-03,392.75
2017-02-06,392.0
2017-02-07,396.25
2017-02-08,397.5
2017-02-09,395.75
2017-02-10,399.25
2017-02-13,399.5
2017-02-14,399.5
2017-02-15,402.75
2017-02-16,399.0
2017-02-17,394.25
2017-02-21,395.75
2017-02-22,397.25
2017-02-23,391.75
2017-02-24,391.0
2017-02-27,388.75
2017-02-28,393.75
2017-03-01,401.25
2017-03-02,398.5
2017-03-03,399.25
2017-03-06,398.0
2017-03-07,396.0
2017-03-08,392.75
2017-03-09,388.25
2017-03-10,386.5
2017-03-13,383.5
2017-03-14,384.25
2017-03-15,385.0
2017-03-16,387.5
2017-03-17,389.75
2017-03-20,386.25
2017-03-21,384.5
2017-03-22,382.0
2017-03-23,380.0
2017-03-24,379.5
2017-03-27,380.0
2017-03-28,381.75
2017-03-29,382.0
2017-03-30,381.0
2017-03-31,388.25
2017-04-03,392.0
2017-04-04,387.75
2017-04-05,389.25
2017-04-06,386.0
2017-04-07,384.5
2017-04-10,391.0
2017-04-11,390.5
2017-04-12,392.5
2017-04-13,394.5
2017-04-17,390.25
2017-04-18,386.25
2017-04-19,386.5
2017-04-20,382.5
2017-04-21,382.0
2017-04-24,383.5
2017-04-25,389.0
2017-04-26,384.25
2017-04-27,386.75
2017-04-28,385.0
2017-05-01,394.5
2017-05-02,390.0
2017-05-03,392.25
2017-05-04,384.5
2017-05-05,388.5
2017-05-08,384.25
2017-05-09,385.0
2017-05-10,391.5
2017-05-11,387.25
2017-05-12,388.75
2017-05-15,385.25
2017-05-16,385.5
2017-05-17,389.0
2017-05-18,384.0
2017-05-19,390.25
2017-05-22,392.75
2017-05-23,387.75
2017-05-24,389.75
2017-05-25,387.5
